config,locked_features,mse,bic,formula
"{'n_episodes': 200, 'n_simulations': 20, 't_max': 15, 'c': 0.5, 'gamma': 0.001, 'alpha': 0.5, 'beta': 0.0, 'noise': 0.0, 'n_points': 500}","['exp(x)', 'cos(exp(x))', 'exp(exp(exp(y)))', '((sin(x) * y) * sin(sin(exp(cos(x)))))']",0.08605311551998812,-1220.1806674282573,0.8152 * exp(x)
"{'n_episodes': 200, 'n_simulations': 20, 't_max': 15, 'c': 0.5, 'gamma': 0.001, 'alpha': 0.5, 'beta': 0.0, 'noise': 0.0, 'n_points': 1000}","['exp(x)', 'exp(exp(cos(cos(x))))', 'exp(exp(exp(x)))', 'exp(exp(cos(y)))', 'exp(exp(cos(x)))', 'sin(x)', 'exp(exp(y))', '(x * exp(y))', 'exp((exp(x) * cos(y)))', 'sin(exp(exp((y * sin(x)))))']",0.07441547510379912,-2570.460338948917,1.8545 * exp(x) + -0.1732 * exp(exp(cos(cos(x)))) + -1.0640 * sin(x) + -0.0592 * (x * exp(y))
"{'n_episodes': 200, 'n_simulations': 20, 't_max': 15, 'c': 0.5, 'gamma': 0.001, 'alpha': 0.5, 'beta': 0.1, 'noise': 0.0, 'n_points': 500}","['exp(x)', 'cos(y)']",0.08605311551998812,-1220.1806674282573,0.8152 * exp(x)
"{'n_episodes': 200, 'n_simulations': 20, 't_max': 15, 'c': 0.5, 'gamma': 0.001, 'alpha': 0.5, 'beta': 0.1, 'noise': 0.0, 'n_points': 1000}","['exp(x)', 'y', 'cos(y)', 'x', '(x * (x * y))']",0.00913542879311385,-4667.964129552332,0.3231 * exp(x) + 0.6639 * cos(y) + 0.6357 * x + 0.9544 * (x * (x * y))
"{'n_episodes': 200, 'n_simulations': 20, 't_max': 15, 'c': 0.5, 'gamma': 0.001, 'alpha': 1.0, 'beta': 0.0, 'noise': 0.0, 'n_points': 500}","['exp(exp(exp(sin(x))))', 'exp((exp(y) * exp(y)))', '(x * y)', 'exp(x)', 'cos(cos(sin(exp(x))))', 'cos(sin(x))', 'cos(exp(cos(y)))', 'exp(exp(exp(x)))', 'exp(exp(y))']",0.08605311551998812,-1220.1806674282573,0.8152 * exp(x)
"{'n_episodes': 200, 'n_simulations': 20, 't_max': 15, 'c': 0.5, 'gamma': 0.001, 'alpha': 1.0, 'beta': 0.0, 'noise': 0.0, 'n_points': 1000}","['exp(x)', 'exp(sin(sin(exp(exp(exp((cos(sin(x)) * x)))))))', 'cos(x)', 'exp(exp(y))']",0.09040106422453158,-2396.5914839790576,0.8220 * exp(x)
"{'n_episodes': 200, 'n_simulations': 20, 't_max': 15, 'c': 0.5, 'gamma': 0.001, 'alpha': 1.0, 'beta': 0.1, 'noise': 0.0, 'n_points': 500}","['exp(x)', 'cos(y)']",0.08605311551998812,-1220.1806674282573,0.8152 * exp(x)
"{'n_episodes': 200, 'n_simulations': 20, 't_max': 15, 'c': 0.5, 'gamma': 0.001, 'alpha': 1.0, 'beta': 0.1, 'noise': 0.0, 'n_points': 1000}","['exp(x)', 'cos(x)']",0.09040106422453158,-2396.5914839790576,0.8220 * exp(x)
"{'n_episodes': 200, 'n_simulations': 20, 't_max': 15, 'c': 0.5, 'gamma': 0.005, 'alpha': 0.5, 'beta': 0.0, 'noise': 0.0, 'n_points': 500}","['exp(x)', 'y', 'exp((exp(x) * y))', 'cos(exp(x))', 'x', '(cos(x) * y)', 'cos(y)', '(x * exp((y * y)))', 'cos((exp(exp(x)) * x))', 'cos(exp(sin(sin(x))))']",0.004692807993305859,-2643.574429624384,0.4182 * exp(x) + 2.0111 * y + 0.4078 * cos(exp(x)) + 0.9190 * x + -1.9973 * (cos(x) * y) + 0.3759 * cos(y)
"{'n_episodes': 200, 'n_simulations': 20, 't_max': 15, 'c': 0.5, 'gamma': 0.005, 'alpha': 0.5, 'beta': 0.0, 'noise': 0.0, 'n_points': 1000}","['exp(x)', '((x * x) * cos(exp(y)))', '((x * x) * (y * y))', 'x', 'y', 'sin(exp(sin(x)))', 'exp(y)', '(x * (y * exp(x)))', 'sin(exp((exp(sin(x)) * sin(exp(y)))))', 'exp(exp(x))']",0.004606615853265329,-5331.907492824184,1.0597 * exp(x) + -0.9965 * ((x * x) * cos(exp(y))) + -0.4970 * ((x * x) * (y * y)) + -0.2750 * x + 0.3817 * y + 0.3458 * sin(exp(sin(x))) + -0.3360 * exp(y)
"{'n_episodes': 200, 'n_simulations': 20, 't_max': 15, 'c': 0.5, 'gamma': 0.005, 'alpha': 0.5, 'beta': 0.1, 'noise': 0.0, 'n_points': 500}","['exp(x)', '((x * x) * sin(y))', '(x * x)', 'y', 'x', 'cos(y)']",0.004929610913104748,-2625.1745676744854,0.6289 * exp(x) + 1.0727 * ((x * x) * sin(y)) + -0.3471 * (x * x) + 0.3083 * x + 0.3816 * cos(y)
"{'n_episodes': 200, 'n_simulations': 20, 't_max': 15, 'c': 0.5, 'gamma': 0.005, 'alpha': 0.5, 'beta': 0.1, 'noise': 0.0, 'n_points': 1000}","['exp(x)', 'y', '(y * cos(x))', '(x * x)', 'cos(exp(y))', 'x']",0.005016994695654414,-5260.385414360054,0.8896 * exp(x) + 2.2372 * y + -2.0469 * (y * cos(x)) + -0.5012 * (x * x) + 0.2162 * cos(exp(y))
"{'n_episodes': 200, 'n_simulations': 20, 't_max': 15, 'c': 0.5, 'gamma': 0.005, 'alpha': 1.0, 'beta': 0.0, 'noise': 0.0, 'n_points': 500}","['exp(x)', 'y', 'sin(cos(x))', 'x', '(y * cos(x))', '(y * cos(y))', '(y * sin(x))', 'exp(exp(y))', '(x * sin(x))', '(x * y)']",0.007413644966739524,-2421.1434906434183,0.3753 * exp(x) + 1.9878 * y + 0.6773 * sin(cos(x)) + 0.5910 * x + -1.9704 * (y * cos(x))
"{'n_episodes': 200, 'n_simulations': 20, 't_max': 15, 'c': 0.5, 'gamma': 0.005, 'alpha': 1.0, 'beta': 0.0, 'noise': 0.0, 'n_points': 1000}","['exp(x)', 'y', '(y * cos(x))', '(x * x)', 'cos(exp(y))', 'x', '((x * x) * (y * y))', '(cos(((cos(x) * cos(x)) * exp(y))) * exp(y))']",0.004947157350148405,-5267.49560838266,0.8931 * exp(x) + 2.2170 * y + -2.0478 * (y * cos(x)) + -0.4702 * (x * x) + 0.1934 * cos(exp(y)) + -0.0744 * ((x * x) * (y * y))
"{'n_episodes': 200, 'n_simulations': 20, 't_max': 15, 'c': 0.5, 'gamma': 0.005, 'alpha': 1.0, 'beta': 0.1, 'noise': 0.0, 'n_points': 500}","['exp(x)', 'y', 'cos(y)', '(x * exp(sin(sin((x * y)))))', 'exp(y)', 'x']",0.006355491569508757,-2504.3595804652714,-0.2949 * y + 0.6929 * cos(y) + 0.9285 * (x * exp(sin(sin((x * y))))) + 0.3089 * exp(y)
"{'n_episodes': 200, 'n_simulations': 20, 't_max': 15, 'c': 0.5, 'gamma': 0.005, 'alpha': 1.0, 'beta': 0.1, 'noise': 0.0, 'n_points': 1000}","['exp(x)', '((x * x) * y)', '(exp(y) * (x * x))', 'y']",0.0064529376271519985,-5022.496539951513,0.9271 * exp(x) + 1.3770 * ((x * x) * y) + -0.3931 * (exp(y) * (x * x))
"{'n_episodes': 200, 'n_simulations': 20, 't_max': 15, 'c': 1.0, 'gamma': 0.001, 'alpha': 0.5, 'beta': 0.0, 'noise': 0.0, 'n_points': 500}","['exp(x)', 'exp(exp(y))', 'exp(cos(cos(cos(x))))', '((exp(y) * y) * x)', '(x * y)', 'exp(sin(sin(cos(y))))', 'cos(exp(exp(y)))']",0.08605311551998812,-1220.1806674282573,0.8152 * exp(x)
"{'n_episodes': 200, 'n_simulations': 20, 't_max': 15, 'c': 1.0, 'gamma': 0.001, 'alpha': 0.5, 'beta': 0.0, 'noise': 0.0, 'n_points': 1000}","['exp(x)', 'cos(y)', 'exp((exp((exp(y) * x)) * y))', 'exp(exp(exp(exp(sin(x)))))']",0.09040106422453158,-2396.5914839790576,0.8220 * exp(x)
"{'n_episodes': 200, 'n_simulations': 20, 't_max': 15, 'c': 1.0, 'gamma': 0.001, 'alpha': 0.5, 'beta': 0.1, 'noise': 0.0, 'n_points': 500}","['exp(x)', 'cos(y)']",0.08605311551998812,-1220.1806674282573,0.8152 * exp(x)
"{'n_episodes': 200, 'n_simulations': 20, 't_max': 15, 'c': 1.0, 'gamma': 0.001, 'alpha': 0.5, 'beta': 0.1, 'noise': 0.0, 'n_points': 1000}","['exp(x)', 'y', 'cos(y)', 'x', 'exp((x * (y * sin(x))))']",0.006139963720260018,-5065.305424477054,-0.3264 * exp(x) + 0.3870 * cos(y) + 1.3579 * x + 0.9801 * exp((x * (y * sin(x))))
"{'n_episodes': 200, 'n_simulations': 20, 't_max': 15, 'c': 1.0, 'gamma': 0.001, 'alpha': 1.0, 'beta': 0.0, 'noise': 0.0, 'n_points': 500}","['(exp(y) * cos(exp(exp(exp(sin(sin(cos(y))))))))', 'exp(exp(exp(y)))', 'exp(exp(exp(x)))', 'exp(exp(exp(sin((cos(y) * (exp(x) * y))))))', 'exp(exp(exp(sin(sin(sin(y))))))', '(y * x)', '(x * y)']",1.2559031069350473,113.92746045512447,dx/dt = 0
"{'n_episodes': 200, 'n_simulations': 20, 't_max': 15, 'c': 1.0, 'gamma': 0.001, 'alpha': 1.0, 'beta': 0.0, 'noise': 0.0, 'n_points': 1000}","['exp(x)', 'cos(y)']",0.09040106422453158,-2396.5914839790576,0.8220 * exp(x)
"{'n_episodes': 200, 'n_simulations': 20, 't_max': 15, 'c': 1.0, 'gamma': 0.001, 'alpha': 1.0, 'beta': 0.1, 'noise': 0.0, 'n_points': 500}","['exp(x)', 'cos(y)']",0.08605311551998812,-1220.1806674282573,0.8152 * exp(x)
"{'n_episodes': 200, 'n_simulations': 20, 't_max': 15, 'c': 1.0, 'gamma': 0.001, 'alpha': 1.0, 'beta': 0.1, 'noise': 0.0, 'n_points': 1000}","['exp(x)', 'cos(y)']",0.09040106422453158,-2396.5914839790576,0.8220 * exp(x)
"{'n_episodes': 200, 'n_simulations': 20, 't_max': 15, 'c': 1.0, 'gamma': 0.005, 'alpha': 0.5, 'beta': 0.0, 'noise': 0.0, 'n_points': 500}","['exp(x)', '((y * x) * x)', '(x * x)', 'x', 'cos(y)', 'y']",0.004871398287369676,-2631.1140897260316,0.6256 * exp(x) + 0.9688 * ((y * x) * x) + -0.3460 * (x * x) + 0.3132 * x + 0.3856 * cos(y)
"{'n_episodes': 200, 'n_simulations': 20, 't_max': 15, 'c': 1.0, 'gamma': 0.005, 'alpha': 0.5, 'beta': 0.0, 'noise': 0.0, 'n_points': 1000}","['exp(x)', '(exp((x * x)) * y)', '(x * x)', 'y', 'cos(exp(y))', 'x', 'cos(exp(exp((y * y))))']",0.005943843008847968,-5090.86060722178,0.8876 * exp(x) + 0.5855 * (exp((x * x)) * y) + -0.4948 * (x * x) + -0.3385 * y + 0.2173 * cos(exp(y))
"{'n_episodes': 200, 'n_simulations': 20, 't_max': 15, 'c': 1.0, 'gamma': 0.005, 'alpha': 0.5, 'beta': 0.1, 'noise': 0.0, 'n_points': 500}","['exp(x)', '((x * x) * y)', '(x * x)', 'y', 'x', 'cos(y)']",0.004871398287369676,-2631.1140897260316,0.6256 * exp(x) + 0.9688 * ((x * x) * y) + -0.3460 * (x * x) + 0.3132 * x + 0.3856 * cos(y)
"{'n_episodes': 200, 'n_simulations': 20, 't_max': 15, 'c': 1.0, 'gamma': 0.005, 'alpha': 0.5, 'beta': 0.1, 'noise': 0.0, 'n_points': 1000}","['exp(x)', '(x * (y * x))', '(x * x)', 'cos(exp(cos(y)))', 'y']",0.005372037538049816,-5198.916991506285,0.8852 * exp(x) + 0.9466 * (x * (y * x)) + -0.5065 * (x * x) + -0.1218 * cos(exp(cos(y)))
"{'n_episodes': 200, 'n_simulations': 20, 't_max': 15, 'c': 1.0, 'gamma': 0.005, 'alpha': 1.0, 'beta': 0.0, 'noise': 0.0, 'n_points': 500}","['exp(x)', 'y', 'cos(x)', 'x', '(cos(x) * y)', 'cos(exp((x * x)))', '(x * cos(exp(exp(x))))']",0.007426673013859135,-2420.2656084792056,0.4255 * exp(x) + 1.9876 * y + 0.5248 * cos(x) + 0.5356 * x + -1.9699 * (cos(x) * y)
"{'n_episodes': 200, 'n_simulations': 20, 't_max': 15, 'c': 1.0, 'gamma': 0.005, 'alpha': 1.0, 'beta': 0.0, 'noise': 0.0, 'n_points': 1000}","['exp(x)', 'y', '(cos(x) * y)', '(x * x)', 'cos(exp(y))', 'cos(sin(exp(((x * x) * x))))', 'exp(y)']",0.005016994695654414,-5260.385414360054,0.8896 * exp(x) + 2.2372 * y + -2.0469 * (cos(x) * y) + -0.5012 * (x * x) + 0.2162 * cos(exp(y))
"{'n_episodes': 200, 'n_simulations': 20, 't_max': 15, 'c': 1.0, 'gamma': 0.005, 'alpha': 1.0, 'beta': 0.1, 'noise': 0.0, 'n_points': 500}","['exp(x)', 'y', 'cos(y)', 'x', 'exp(sin(((y * x) * x)))']",0.0063864792958556686,-2501.927634280086,-0.3288 * exp(x) + 0.4495 * cos(y) + 1.3617 * x + 0.9249 * exp(sin(((y * x) * x)))
"{'n_episodes': 200, 'n_simulations': 20, 't_max': 15, 'c': 1.0, 'gamma': 0.005, 'alpha': 1.0, 'beta': 0.1, 'noise': 0.0, 'n_points': 1000}","['exp(x)', '((x * x) * y)', '(x * x)', 'y', 'cos(exp(y))', 'x']",0.005068999862282961,-5250.072970265497,0.8893 * exp(x) + 0.9511 * ((x * x) * y) + -0.5003 * (x * x) + 0.1983 * y + 0.2165 * cos(exp(y))
"{'n_episodes': 200, 'n_simulations': 20, 't_max': 20, 'c': 0.5, 'gamma': 0.001, 'alpha': 0.5, 'beta': 0.0, 'noise': 0.0, 'n_points': 500}","['exp(x)', '(y * x)', '(x * y)']",0.08605311551998812,-1220.1806674282573,0.8152 * exp(x)
"{'n_episodes': 200, 'n_simulations': 20, 't_max': 20, 'c': 0.5, 'gamma': 0.001, 'alpha': 0.5, 'beta': 0.0, 'noise': 0.0, 'n_points': 1000}","['exp(x)', 'cos(y)']",0.09040106422453158,-2396.5914839790576,0.8220 * exp(x)
"{'n_episodes': 200, 'n_simulations': 20, 't_max': 20, 'c': 0.5, 'gamma': 0.001, 'alpha': 0.5, 'beta': 0.1, 'noise': 0.0, 'n_points': 500}","['exp(x)', 'cos(y)']",0.08605311551998812,-1220.1806674282573,0.8152 * exp(x)
"{'n_episodes': 200, 'n_simulations': 20, 't_max': 20, 'c': 0.5, 'gamma': 0.001, 'alpha': 0.5, 'beta': 0.1, 'noise': 0.0, 'n_points': 1000}","['exp(x)', 'y', 'cos(x)', 'x', '(cos(sin(x)) * y)', '(y * x)']",0.006488993820214759,-5003.109019296505,0.4256 * exp(x) + 2.6663 * y + 0.5301 * cos(x) + 0.5278 * x + -2.7124 * (cos(sin(x)) * y)
"{'n_episodes': 200, 'n_simulations': 20, 't_max': 20, 'c': 0.5, 'gamma': 0.001, 'alpha': 1.0, 'beta': 0.0, 'noise': 0.0, 'n_points': 500}","['exp(exp(exp(x)))', 'exp((exp((x * exp(y))) * cos(x)))', 'exp(((x * sin(cos(x))) * exp(exp(sin(y)))))', 'y', '(exp(x) * sin(y))', 'exp(exp(exp((cos(cos(sin(cos(x)))) * (cos(x) * y)))))', 'exp((cos((y * y)) * exp((exp(sin(x)) * x))))', 'exp(exp((exp(exp(y)) * y)))', 'exp((exp((x * y)) * exp(y)))', 'exp(exp(exp(sin((exp(cos(cos(y))) * sin(x))))))']",1.2324231762650248,110.70575477902209,0.2586 * y
"{'n_episodes': 200, 'n_simulations': 20, 't_max': 20, 'c': 0.5, 'gamma': 0.001, 'alpha': 1.0, 'beta': 0.0, 'noise': 0.0, 'n_points': 1000}","['exp(x)', '(y * (exp(exp(cos(y))) * cos(x)))', 'cos(x)', 'exp(y)', '(exp(exp(exp(x))) * sin(y))', '(sin((exp(x) * y)) * exp(cos(x)))', 'cos(exp(exp(y)))', 'y', 'cos((exp(exp(x)) * x))', '(exp(sin(exp(cos(x)))) * sin(exp(y)))']",0.02281668925152585,-3731.908739122972,0.8858 * exp(x) + -0.0751 * (y * (exp(exp(cos(y))) * cos(x))) + 0.8498 * cos(x) + -0.6742 * exp(y) + -0.0615 * (sin((exp(x) * y)) * exp(cos(x))) + 0.0730 * cos(exp(exp(y))) + 1.7114 * y
"{'n_episodes': 200, 'n_simulations': 20, 't_max': 20, 'c': 0.5, 'gamma': 0.001, 'alpha': 1.0, 'beta': 0.1, 'noise': 0.0, 'n_points': 500}","['exp(x)', 'cos(y)']",0.08605311551998812,-1220.1806674282573,0.8152 * exp(x)
"{'n_episodes': 200, 'n_simulations': 20, 't_max': 20, 'c': 0.5, 'gamma': 0.001, 'alpha': 1.0, 'beta': 0.1, 'noise': 0.0, 'n_points': 1000}","['exp(x)', 'cos(x)']",0.09040106422453158,-2396.5914839790576,0.8220 * exp(x)
"{'n_episodes': 200, 'n_simulations': 20, 't_max': 20, 'c': 0.5, 'gamma': 0.005, 'alpha': 0.5, 'beta': 0.0, 'noise': 0.0, 'n_points': 500}","['exp(x)', '((x * y) * x)', '(x * x)', 'sin(x)', 'cos(y)', 'sin(cos(exp(sin(y))))', '((sin(sin(y)) * exp(sin(cos(exp(sin(x)))))) * x)', '(y * exp(sin(x)))', 'exp(exp(x))']",0.004725640506780263,-2646.303044624348,0.6267 * exp(x) + 0.9679 * ((x * y) * x) + -0.3462 * (x * x) + 0.3445 * sin(x) + 0.3838 * cos(y)
"{'n_episodes': 200, 'n_simulations': 20, 't_max': 20, 'c': 0.5, 'gamma': 0.005, 'alpha': 0.5, 'beta': 0.0, 'noise': 0.0, 'n_points': 1000}","['exp(x)', '((x * x) * y)', '(x * x)', 'cos(exp(cos(y)))', 'y', 'exp(y)', 'x', 'exp(exp(exp(exp(exp(sin(cos(sin(sin(exp(cos(cos(sin(sin(x))))))))))))))', 'cos(x)', 'exp(exp(x))']",0.004370065692513152,-5384.622950423047,0.2472 * exp(x) + 0.9508 * ((x * x) * y) + -0.3129 * cos(exp(cos(y))) + -0.1808 * y + 0.1648 * exp(y) + 0.7200 * x + 0.3017 * cos(x)
"{'n_episodes': 200, 'n_simulations': 20, 't_max': 20, 'c': 0.5, 'gamma': 0.005, 'alpha': 0.5, 'beta': 0.1, 'noise': 0.0, 'n_points': 500}","['exp(x)', '((x * x) * y)', '(x * x)', 'x', 'cos(y)', 'y']",0.004871398287369676,-2631.1140897260316,0.6256 * exp(x) + 0.9688 * ((x * x) * y) + -0.3460 * (x * x) + 0.3132 * x + 0.3856 * cos(y)
"{'n_episodes': 200, 'n_simulations': 20, 't_max': 20, 'c': 0.5, 'gamma': 0.005, 'alpha': 0.5, 'beta': 0.1, 'noise': 0.0, 'n_points': 1000}","['exp(x)', '((y * x) * x)', '(x * x)', 'cos(y)', 'x', 'y']",0.004634521452814365,-5339.68355532593,0.6546 * exp(x) + 0.9500 * ((y * x) * x) + -0.3546 * (x * x) + 0.3506 * cos(y) + 0.2706 * x
"{'n_episodes': 200, 'n_simulations': 20, 't_max': 20, 'c': 0.5, 'gamma': 0.005, 'alpha': 1.0, 'beta': 0.0, 'noise': 0.0, 'n_points': 500}","['exp(x)', '((x * x) * y)', '(x * x)', '(exp(exp(sin(x))) * (x * y))', 'exp(y)', 'x']",0.008187027875908196,-2383.9583475520394,0.9315 * exp(x) + 0.9659 * ((x * x) * y) + -0.4804 * (x * x)
"{'n_episodes': 200, 'n_simulations': 20, 't_max': 20, 'c': 0.5, 'gamma': 0.005, 'alpha': 1.0, 'beta': 0.0, 'noise': 0.0, 'n_points': 1000}","['exp(x)', 'y', '(cos(x) * y)', '(x * x)', 'cos(exp(y))', 'x']",0.005016994695654414,-5260.385414360054,0.8896 * exp(x) + 2.2372 * y + -2.0469 * (cos(x) * y) + -0.5012 * (x * x) + 0.2162 * cos(exp(y))
"{'n_episodes': 200, 'n_simulations': 20, 't_max': 20, 'c': 0.5, 'gamma': 0.005, 'alpha': 1.0, 'beta': 0.1, 'noise': 0.0, 'n_points': 500}","['exp(x)', 'y', 'cos(y)', 'cos((exp(cos(exp(y))) * cos(x)))', 'x', '(cos(x) * y)', '(x * y)']",0.006509122674853093,-2479.9876502149446,0.5829 * exp(x) + 1.9544 * y + 0.3906 * cos(y) + -0.3934 * cos((exp(cos(exp(y))) * cos(x))) + 0.3644 * x + -1.5260 * (cos(x) * y)
"{'n_episodes': 200, 'n_simulations': 20, 't_max': 20, 'c': 0.5, 'gamma': 0.005, 'alpha': 1.0, 'beta': 0.1, 'noise': 0.0, 'n_points': 1000}","['exp(x)', 'y', '((cos(exp(y)) * x) * sin(x))', '(cos(y) * (x * (sin((sin(y) * x)) * y)))', 'cos(exp(y))', 'exp(y)', 'sin(x)', 'x', 'cos(x)']",0.004491069060279011,-5350.402465279275,1.1019 * exp(x) + 0.2836 * y + -1.1900 * ((cos(exp(y)) * x) * sin(x)) + -1.2117 * (cos(y) * (x * (sin((sin(y) * x)) * y))) + 0.1319 * cos(exp(y)) + -0.1598 * exp(y) + 1.2761 * sin(x) + -1.3742 * x
"{'n_episodes': 200, 'n_simulations': 20, 't_max': 20, 'c': 1.0, 'gamma': 0.001, 'alpha': 0.5, 'beta': 0.0, 'noise': 0.0, 'n_points': 500}","['exp(x)', 'cos(y)', 'sin(sin((y * sin(x))))', '(cos(exp(exp(y))) * cos(y))', 'cos(exp(exp(y)))']",0.08605311551998812,-1220.1806674282573,0.8152 * exp(x)
"{'n_episodes': 200, 'n_simulations': 20, 't_max': 20, 'c': 1.0, 'gamma': 0.001, 'alpha': 0.5, 'beta': 0.0, 'noise': 0.0, 'n_points': 1000}","['exp(x)', 'cos(x)', 'exp(exp(exp(exp(x))))']",0.09040106422453158,-2396.5914839790576,0.8220 * exp(x)
"{'n_episodes': 200, 'n_simulations': 20, 't_max': 20, 'c': 1.0, 'gamma': 0.001, 'alpha': 0.5, 'beta': 0.1, 'noise': 0.0, 'n_points': 500}","['exp(x)', 'cos(y)']",0.08605311551998812,-1220.1806674282573,0.8152 * exp(x)
"{'n_episodes': 200, 'n_simulations': 20, 't_max': 20, 'c': 1.0, 'gamma': 0.001, 'alpha': 0.5, 'beta': 0.1, 'noise': 0.0, 'n_points': 1000}","['exp(x)', 'y', 'cos(y)', 'x', 'exp(((x * x) * y))']",0.006307576973476582,-5038.372652923396,-0.2986 * exp(x) + 0.4724 * cos(y) + 1.3264 * x + 0.8704 * exp(((x * x) * y))
"{'n_episodes': 200, 'n_simulations': 20, 't_max': 20, 'c': 1.0, 'gamma': 0.001, 'alpha': 1.0, 'beta': 0.0, 'noise': 0.0, 'n_points': 500}","['exp(exp(exp(exp(cos(cos(cos(exp(y))))))))', 'cos(((cos(x) * sin(cos(y))) * x))', 'exp(cos(x))', 'exp((y * x))']",0.37368519353542407,-485.95617416901587,0.9858 * cos(((cos(x) * sin(cos(y))) * x))
"{'n_episodes': 200, 'n_simulations': 20, 't_max': 20, 'c': 1.0, 'gamma': 0.001, 'alpha': 1.0, 'beta': 0.0, 'noise': 0.0, 'n_points': 1000}","['exp(x)', 'cos((sin(x) * y))', 'exp(cos(y))', 'exp(exp(sin(cos(cos(sin(cos(x)))))))']",0.09040106422453158,-2396.5914839790576,0.8220 * exp(x)
"{'n_episodes': 200, 'n_simulations': 20, 't_max': 20, 'c': 1.0, 'gamma': 0.001, 'alpha': 1.0, 'beta': 0.1, 'noise': 0.0, 'n_points': 500}","['exp(x)', 'cos(y)']",0.08605311551998812,-1220.1806674282573,0.8152 * exp(x)
"{'n_episodes': 200, 'n_simulations': 20, 't_max': 20, 'c': 1.0, 'gamma': 0.001, 'alpha': 1.0, 'beta': 0.1, 'noise': 0.0, 'n_points': 1000}","['exp(x)', 'cos(y)']",0.09040106422453158,-2396.5914839790576,0.8220 * exp(x)
"{'n_episodes': 200, 'n_simulations': 20, 't_max': 20, 'c': 1.0, 'gamma': 0.005, 'alpha': 0.5, 'beta': 0.0, 'noise': 0.0, 'n_points': 500}","['exp(x)', 'y', 'cos(sin(x))', 'x', '(y * cos(x))', 'cos(y)', 'cos(cos(sin(exp(cos(exp(exp(cos(y))))))))', 'cos((y * sin(exp(x))))', 'cos(sin(exp(exp(x))))', 'sin(exp(cos((exp(cos(x)) * y))))']",0.004627956874537669,-2650.532245446495,0.2414 * exp(x) + 2.0133 * y + 0.3993 * cos(sin(x)) + 0.7356 * x + -1.9996 * (y * cos(x)) + 0.3731 * cos(y)
"{'n_episodes': 200, 'n_simulations': 20, 't_max': 20, 'c': 1.0, 'gamma': 0.005, 'alpha': 0.5, 'beta': 0.0, 'noise': 0.0, 'n_points': 1000}","['exp(x)', 'y', '(cos(x) * y)', '(x * (x * exp(y)))', 'cos(exp(exp(x)))', '(x * exp(y))', '(sin(x) * sin(sin(x)))', 'cos(exp(x))', 'x', '(x * sin(sin(y)))']",0.005243711270338814,-5202.371486694184,0.5454 * exp(x) + 3.0074 * y + -3.0251 * (cos(x) * y) + -0.4052 * (x * (x * exp(y))) + 0.8767 * (sin(x) * sin(sin(x))) + 0.7260 * cos(exp(x)) + 1.0644 * x
"{'n_episodes': 200, 'n_simulations': 20, 't_max': 20, 'c': 1.0, 'gamma': 0.005, 'alpha': 0.5, 'beta': 0.1, 'noise': 0.0, 'n_points': 500}","['exp(x)', '(x * (y * sin(x)))', '(x * x)', 'y']",0.008089421199125238,-2389.9552235531214,0.9317 * exp(x) + 1.0853 * (x * (y * sin(x))) + -0.4810 * (x * x)
"{'n_episodes': 200, 'n_simulations': 20, 't_max': 20, 'c': 1.0, 'gamma': 0.005, 'alpha': 0.5, 'beta': 0.1, 'noise': 0.0, 'n_points': 1000}","['exp(x)', 'y', '(y * cos(x))', '(x * (exp(y) * x))', 'x', 'cos(cos(cos(y)))', '(y * x)', 'exp(exp(x))', 'sin(x)']",0.004437323274561484,-5376.257418750698,0.3726 * exp(x) + 2.4318 * y + -2.4398 * (y * cos(x)) + -0.1658 * (x * (exp(y) * x)) + 0.5814 * x + 0.7290 * cos(cos(cos(y)))
"{'n_episodes': 200, 'n_simulations': 20, 't_max': 20, 'c': 1.0, 'gamma': 0.005, 'alpha': 1.0, 'beta': 0.0, 'noise': 0.0, 'n_points': 500}","['exp(x)', 'y', 'exp(exp(y))', 'cos(sin(y))', '(exp((x * y)) * x)', '(x * y)', 'exp(exp(sin(y)))']",0.010484610401999326,-2254.0649540925474,0.1671 * exp(x) + 0.0739 * y + 0.8614 * cos(sin(y)) + 0.7435 * (exp((x * y)) * x)
"{'n_episodes': 200, 'n_simulations': 20, 't_max': 20, 'c': 1.0, 'gamma': 0.005, 'alpha': 1.0, 'beta': 0.0, 'noise': 0.0, 'n_points': 1000}","['exp(x)', 'y', '((sin(cos(sin(y))) * (x * cos(exp(y)))) * x)', 'cos(exp((y * y)))', 'x', 'cos(cos((cos(sin(y)) * x)))']",0.0055666001186943075,-5156.432026629657,-0.7618 * exp(x) + -1.4714 * ((sin(cos(sin(y))) * (x * cos(exp(y)))) * x) + 0.1321 * cos(exp((y * y))) + 1.8361 * x + 3.0792 * cos(cos((cos(sin(y)) * x)))
"{'n_episodes': 200, 'n_simulations': 20, 't_max': 20, 'c': 1.0, 'gamma': 0.005, 'alpha': 1.0, 'beta': 0.1, 'noise': 0.0, 'n_points': 500}","['exp(x)', 'y', 'cos(x)', 'x', '(cos(x) * y)', 'cos(y)', 'exp(cos(y))', 'sin(exp(y))', 'exp(exp(x))', '(x * x)']",0.004620775569648311,-2651.308709289069,0.2828 * exp(x) + 2.0139 * y + 0.3545 * cos(x) + 0.6901 * x + -2.0004 * (cos(x) * y) + 0.3728 * cos(y)
"{'n_episodes': 200, 'n_simulations': 20, 't_max': 20, 'c': 1.0, 'gamma': 0.005, 'alpha': 1.0, 'beta': 0.1, 'noise': 0.0, 'n_points': 1000}","['exp(x)', 'y', '(cos(x) * y)', '(x * x)', 'cos(exp(y))', 'x']",0.005016994695654414,-5260.385414360054,0.8896 * exp(x) + 2.2372 * y + -2.0469 * (cos(x) * y) + -0.5012 * (x * x) + 0.2162 * cos(exp(y))
"{'n_episodes': 200, 'n_simulations': 40, 't_max': 15, 'c': 0.5, 'gamma': 0.001, 'alpha': 0.5, 'beta': 0.0, 'noise': 0.0, 'n_points': 500}","['exp(x)', 'cos(sin((y * x)))', 'exp(exp(y))', 'cos(y)']",0.08605311551998812,-1220.1806674282573,0.8152 * exp(x)
"{'n_episodes': 200, 'n_simulations': 40, 't_max': 15, 'c': 0.5, 'gamma': 0.001, 'alpha': 0.5, 'beta': 0.0, 'noise': 0.0, 'n_points': 1000}","['exp(x)', 'exp(cos(x))', 'sin(sin(cos((exp(exp(sin(x))) * x))))', 'exp(exp(y))']",0.09040106422453158,-2396.5914839790576,0.8220 * exp(x)
"{'n_episodes': 200, 'n_simulations': 40, 't_max': 15, 'c': 0.5, 'gamma': 0.001, 'alpha': 0.5, 'beta': 0.1, 'noise': 0.0, 'n_points': 500}","['exp(x)', 'cos(y)']",0.08605311551998812,-1220.1806674282573,0.8152 * exp(x)
"{'n_episodes': 200, 'n_simulations': 40, 't_max': 15, 'c': 0.5, 'gamma': 0.001, 'alpha': 0.5, 'beta': 0.1, 'noise': 0.0, 'n_points': 1000}","['exp(x)', 'y', 'cos(x)', 'x', '(y * exp(cos(x)))', 'exp(exp(y))', '(x * y)']",0.00641215706510823,-5015.020772645819,0.4261 * exp(x) + 2.4671 * y + 0.5294 * cos(x) + 0.5266 * x + -0.9211 * (y * exp(cos(x)))
"{'n_episodes': 200, 'n_simulations': 40, 't_max': 15, 'c': 0.5, 'gamma': 0.001, 'alpha': 1.0, 'beta': 0.0, 'noise': 0.0, 'n_points': 500}","['exp((sin(y) * exp(exp(sin(cos(x))))))', 'exp(exp((exp(y) * x)))', 'y', 'exp(exp(exp(x)))', 'exp(exp((exp(x) * x)))', 'sin(exp(exp(x)))', 'exp(x)']",0.04775362361159127,-1502.2063395952027,0.3152 * y + -0.0848 * sin(exp(exp(x))) + 0.8238 * exp(x)
"{'n_episodes': 200, 'n_simulations': 40, 't_max': 15, 'c': 0.5, 'gamma': 0.001, 'alpha': 1.0, 'beta': 0.0, 'noise': 0.0, 'n_points': 1000}","['exp(x)', 'cos(exp(x))', 'sin(((sin(y) * sin(x)) * exp(y)))', '(x * exp(exp(cos(exp(x)))))', '(exp(exp(y)) * y)', 'exp(exp(exp(x)))', '(exp(x) * x)', 'exp(exp(exp((exp(exp((y * y))) * y))))', 'cos(exp(sin(exp((sin(x) * cos(y))))))', 'cos((x * exp(x)))']",0.07368495686603911,-2587.233347863333,1.3357 * exp(x) + -0.8132 * cos(exp(x)) + -0.9352 * (exp(x) * x)
"{'n_episodes': 200, 'n_simulations': 40, 't_max': 15, 'c': 0.5, 'gamma': 0.001, 'alpha': 1.0, 'beta': 0.1, 'noise': 0.0, 'n_points': 500}","['exp(x)', 'cos(y)']",0.08605311551998812,-1220.1806674282573,0.8152 * exp(x)
"{'n_episodes': 200, 'n_simulations': 40, 't_max': 15, 'c': 0.5, 'gamma': 0.001, 'alpha': 1.0, 'beta': 0.1, 'noise': 0.0, 'n_points': 1000}","['exp(x)', 'cos(y)']",0.09040106422453158,-2396.5914839790576,0.8220 * exp(x)
"{'n_episodes': 200, 'n_simulations': 40, 't_max': 15, 'c': 0.5, 'gamma': 0.005, 'alpha': 0.5, 'beta': 0.0, 'noise': 0.0, 'n_points': 500}","['exp(x)', '(x * sin((x * y)))', '(x * x)', 'exp(cos(x))', 'cos(y)', 'y', 'exp(y)']",0.0050219504238885205,-2615.8954045488417,0.9085 * exp(x) + 1.0394 * (x * sin((x * y))) + -0.6032 * (x * x) + -0.0990 * exp(cos(x)) + 0.3684 * cos(y)
"{'n_episodes': 200, 'n_simulations': 40, 't_max': 15, 'c': 0.5, 'gamma': 0.005, 'alpha': 0.5, 'beta': 0.0, 'noise': 0.0, 'n_points': 1000}","['exp(x)', 'y', '(y * cos(exp(cos((sin(x) * cos(sin(exp(y))))))))', '(x * x)', '(cos(x) * y)', 'cos(exp(y))', 'sin(exp(y))', 'sin(((cos(sin(cos(cos(y)))) * x) * y))', 'exp(y)', 'x']",0.004276579176421347,-5406.247559857882,1.9862 * y + 0.0755 * (y * cos(exp(cos((sin(x) * cos(sin(exp(y)))))))) + -1.9961 * (cos(x) * y) + 0.5862 * cos(exp(y)) + 0.2094 * sin(exp(y)) + 0.5097 * exp(y) + 0.9940 * x
"{'n_episodes': 200, 'n_simulations': 40, 't_max': 15, 'c': 0.5, 'gamma': 0.005, 'alpha': 0.5, 'beta': 0.1, 'noise': 0.0, 'n_points': 500}","['exp(x)', 'y', '(x * x)', '(y * cos(x))', 'x', 'cos(y)', '(y * x)', 'sin(exp(y))', '(x * y)']",0.004779568695830223,-2634.414835183314,0.6270 * exp(x) + 2.0166 * y + -0.3477 * (x * x) + -2.0033 * (y * cos(x)) + 0.3115 * x + 0.3845 * cos(y)
"{'n_episodes': 200, 'n_simulations': 40, 't_max': 15, 'c': 0.5, 'gamma': 0.005, 'alpha': 0.5, 'beta': 0.1, 'noise': 0.0, 'n_points': 1000}","['exp(x)', 'y', '(sin(x) * (cos(exp(y)) * x))', '(y * cos(exp((sin(y) * (cos(y) * (x * x))))))', 'cos(exp(y))', 'x']",0.005743304018868907,-5125.18184481403,0.8277 * exp(x) + -1.1959 * (sin(x) * (cos(exp(y)) * x)) + 0.7350 * (y * cos(exp((sin(y) * (cos(y) * (x * x)))))) + 0.4222 * cos(exp(y)) + 0.0845 * x
"{'n_episodes': 200, 'n_simulations': 40, 't_max': 15, 'c': 0.5, 'gamma': 0.005, 'alpha': 1.0, 'beta': 0.0, 'noise': 0.0, 'n_points': 500}","['exp(x)', 'y', '(x * y)', 'cos(y)', '(x * (sin(x) * exp(cos(exp(y)))))', 'exp(sin(exp(cos((exp(sin(y)) * x)))))', '(cos(cos(x)) * x)', 'cos(x)', 'sin(x)', '(exp(y) * sin(x))']",0.005299002107718672,-2582.830730266354,1.3363 * exp(x) + 0.4884 * cos(y) + -0.8517 * (x * (sin(x) * exp(cos(exp(y))))) + 0.0552 * exp(sin(exp(cos((exp(sin(y)) * x))))) + -0.6373 * (cos(cos(x)) * x) + -0.8736 * cos(x)
"{'n_episodes': 200, 'n_simulations': 40, 't_max': 15, 'c': 0.5, 'gamma': 0.005, 'alpha': 1.0, 'beta': 0.0, 'noise': 0.0, 'n_points': 1000}","['exp(x)', 'y', '(x * (x * cos(exp(y))))', '(y * y)', 'sin(exp(x))']",0.007034878891931607,-4929.243782525278,0.8394 * exp(x) + -0.9985 * (x * (x * cos(exp(y)))) + -0.3545 * (y * y) + 0.2596 * sin(exp(x))
"{'n_episodes': 200, 'n_simulations': 40, 't_max': 15, 'c': 0.5, 'gamma': 0.005, 'alpha': 1.0, 'beta': 0.1, 'noise': 0.0, 'n_points': 500}","['exp(x)', 'y', 'cos(y)', 'x', 'exp((x * (x * sin(y))))']",0.006054613030300793,-2522.394366075718,-0.2833 * exp(x) + 0.0550 * y + 0.4377 * cos(y) + 1.3100 * x + 0.8858 * exp((x * (x * sin(y))))
"{'n_episodes': 200, 'n_simulations': 40, 't_max': 15, 'c': 0.5, 'gamma': 0.005, 'alpha': 1.0, 'beta': 0.1, 'noise': 0.0, 'n_points': 1000}","['exp(x)', 'y', '(y * cos(x))', '((exp(y) * x) * x)', 'exp(y)', 'sin(exp(x))', 'x']",0.00434739020873317,-5396.733034266241,0.8200 * exp(x) + 2.8140 * y + -2.6454 * (y * cos(x)) + -0.2451 * ((exp(y) * x) * x) + -0.1639 * exp(y) + 0.3722 * sin(exp(x))
"{'n_episodes': 200, 'n_simulations': 40, 't_max': 15, 'c': 1.0, 'gamma': 0.001, 'alpha': 0.5, 'beta': 0.0, 'noise': 0.0, 'n_points': 500}","['exp(x)', 'sin(sin(cos(x)))', '(cos(exp(x)) * exp(exp(y)))', 'sin((x * y))', 'cos(y)']",0.08605311551998812,-1220.1806674282573,0.8152 * exp(x)
"{'n_episodes': 200, 'n_simulations': 40, 't_max': 15, 'c': 1.0, 'gamma': 0.001, 'alpha': 0.5, 'beta': 0.0, 'noise': 0.0, 'n_points': 1000}","['exp(x)', 'cos(y)', 'cos(cos(sin(cos(x))))']",0.09040106422453158,-2396.5914839790576,0.8220 * exp(x)
"{'n_episodes': 200, 'n_simulations': 40, 't_max': 15, 'c': 1.0, 'gamma': 0.001, 'alpha': 0.5, 'beta': 0.1, 'noise': 0.0, 'n_points': 500}","['exp(x)', 'cos(y)']",0.08605311551998812,-1220.1806674282573,0.8152 * exp(x)
"{'n_episodes': 200, 'n_simulations': 40, 't_max': 15, 'c': 1.0, 'gamma': 0.001, 'alpha': 0.5, 'beta': 0.1, 'noise': 0.0, 'n_points': 1000}","['exp(x)', 'y', 'cos(y)', 'x', '(cos(x) * y)', 'sin(y)', 'exp(y)', 'cos(x)']",0.004177652498757921,-5436.559261697668,1.2719 * y + 0.6896 * cos(y) + 0.9936 * x + -2.0525 * (cos(x) * y) + 0.4747 * sin(y) + 0.3116 * exp(y)
"{'n_episodes': 200, 'n_simulations': 40, 't_max': 15, 'c': 1.0, 'gamma': 0.001, 'alpha': 1.0, 'beta': 0.0, 'noise': 0.0, 'n_points': 500}","['sin((y * exp(exp(exp(x)))))', 'exp(((exp(exp(x)) * sin(sin(y))) * (y * x)))', 'sin(exp(exp(x)))', 'exp(exp(exp(y)))', 'exp(exp(exp(cos(exp(exp(x))))))', '(y * (exp(sin(exp(x))) * exp(cos(y))))', 'exp(exp(exp(x)))', 'exp((exp(exp(x)) * x))', '(y * cos(exp(x)))', 'exp((sin(cos(x)) * exp(exp(y))))']",1.2559031069350473,113.92746045512447,dx/dt = 0
"{'n_episodes': 200, 'n_simulations': 40, 't_max': 15, 'c': 1.0, 'gamma': 0.001, 'alpha': 1.0, 'beta': 0.0, 'noise': 0.0, 'n_points': 1000}","['exp(x)', 'cos(x)', 'cos(exp(exp(exp(y))))']",0.09040106422453158,-2396.5914839790576,0.8220 * exp(x)
"{'n_episodes': 200, 'n_simulations': 40, 't_max': 15, 'c': 1.0, 'gamma': 0.001, 'alpha': 1.0, 'beta': 0.1, 'noise': 0.0, 'n_points': 500}","['exp(x)', 'cos(y)']",0.08605311551998812,-1220.1806674282573,0.8152 * exp(x)
"{'n_episodes': 200, 'n_simulations': 40, 't_max': 15, 'c': 1.0, 'gamma': 0.001, 'alpha': 1.0, 'beta': 0.1, 'noise': 0.0, 'n_points': 1000}","['exp(x)', 'cos(y)']",0.09040106422453158,-2396.5914839790576,0.8220 * exp(x)
"{'n_episodes': 200, 'n_simulations': 40, 't_max': 15, 'c': 1.0, 'gamma': 0.005, 'alpha': 0.5, 'beta': 0.0, 'noise': 0.0, 'n_points': 500}","['exp(x)', '(y * (x * sin(x)))', '(x * x)', 'y', 'exp(exp(y))', 'x', 'cos(y)']",0.004776444638892674,-2640.9563638227005,0.6258 * exp(x) + 1.0886 * (y * (x * sin(x))) + -0.3466 * (x * x) + 0.3131 * x + 0.3855 * cos(y)
"{'n_episodes': 200, 'n_simulations': 40, 't_max': 15, 'c': 1.0, 'gamma': 0.005, 'alpha': 0.5, 'beta': 0.0, 'noise': 0.0, 'n_points': 1000}","['exp(x)', '(y * (x * x))', '((x * x) * exp(y))', 'exp(sin(cos(y)))', 'x', 'y']",0.004635211256686684,-5339.534726034901,0.4767 * exp(x) + 1.1848 * (y * (x * x)) + -0.2107 * ((x * x) * exp(y)) + 0.2228 * exp(sin(cos(y))) + 0.4657 * x
"{'n_episodes': 200, 'n_simulations': 40, 't_max': 15, 'c': 1.0, 'gamma': 0.005, 'alpha': 0.5, 'beta': 0.1, 'noise': 0.0, 'n_points': 500}","['exp(x)', '((y * x) * sin(x))', '(x * x)', 'y', 'x', 'cos(y)']",0.004776444638892676,-2640.9563638227,0.6258 * exp(x) + 1.0886 * ((y * x) * sin(x)) + -0.3466 * (x * x) + 0.3131 * x + 0.3855 * cos(y)
"{'n_episodes': 200, 'n_simulations': 40, 't_max': 15, 'c': 1.0, 'gamma': 0.005, 'alpha': 0.5, 'beta': 0.1, 'noise': 0.0, 'n_points': 1000}","['exp(x)', 'y', '(x * (x * cos(exp(y))))', '((y * x) * (y * x))', 'cos(exp(y))', 'x']",0.005207203178790078,-5223.1736088508405,0.8923 * exp(x) + 0.2184 * y + -0.9869 * (x * (x * cos(exp(y)))) + -0.5678 * ((y * x) * (y * x)) + 0.2237 * cos(exp(y))
"{'n_episodes': 200, 'n_simulations': 40, 't_max': 15, 'c': 1.0, 'gamma': 0.005, 'alpha': 1.0, 'beta': 0.0, 'noise': 0.0, 'n_points': 500}","['exp(x)', '(y * (x * x))', '(x * x)', 'exp(y)', 'y']",0.008187027875908196,-2383.9583475520394,0.9315 * exp(x) + 0.9659 * (y * (x * x)) + -0.4804 * (x * x)
"{'n_episodes': 200, 'n_simulations': 40, 't_max': 15, 'c': 1.0, 'gamma': 0.005, 'alpha': 1.0, 'beta': 0.0, 'noise': 0.0, 'n_points': 1000}","['exp(x)', '(x * (x * y))', '(x * x)', 'y', 'exp(y)', '(x * exp(x))', '(sin(y) * y)']",0.004345772621991312,-5397.105185758632,1.2968 * exp(x) + 0.9515 * (x * (x * y)) + -0.3214 * (x * x) + 0.3264 * y + -0.2952 * exp(y) + -0.3335 * (x * exp(x))
"{'n_episodes': 200, 'n_simulations': 40, 't_max': 15, 'c': 1.0, 'gamma': 0.005, 'alpha': 1.0, 'beta': 0.1, 'noise': 0.0, 'n_points': 500}","['exp(x)', '(x * (y * x))', '(x * x)', 'x', 'y']",0.008187027875908198,-2383.9583475520394,0.9315 * exp(x) + 0.9659 * (x * (y * x)) + -0.4804 * (x * x)
"{'n_episodes': 200, 'n_simulations': 40, 't_max': 15, 'c': 1.0, 'gamma': 0.005, 'alpha': 1.0, 'beta': 0.1, 'noise': 0.0, 'n_points': 1000}","['exp(x)', '((cos(exp(y)) * x) * x)', '(y * ((y * x) * x))', 'y', 'cos(exp(y))', 'x']",0.005207203178790079,-5223.1736088508405,0.8923 * exp(x) + -0.9869 * ((cos(exp(y)) * x) * x) + -0.5678 * (y * ((y * x) * x)) + 0.2184 * y + 0.2237 * cos(exp(y))
"{'n_episodes': 200, 'n_simulations': 40, 't_max': 20, 'c': 0.5, 'gamma': 0.001, 'alpha': 0.5, 'beta': 0.0, 'noise': 0.0, 'n_points': 500}","['exp(x)', 'cos(y)']",0.08605311551998812,-1220.1806674282573,0.8152 * exp(x)
"{'n_episodes': 200, 'n_simulations': 40, 't_max': 20, 'c': 0.5, 'gamma': 0.001, 'alpha': 0.5, 'beta': 0.0, 'noise': 0.0, 'n_points': 1000}","['exp(x)', 'exp(cos(y))', 'exp(exp(y))', 'x', '(cos(exp(y)) * x)', 'sin((y * x))', '(cos(y) * sin(exp(exp(exp(x)))))', 'cos(cos(x))', 'sin((cos(cos(exp(exp(exp(cos(cos(exp(sin(x))))))))) * cos(cos(x))))', '(cos(x) * y)']",0.035884683810734,-3299.8136882049903,-0.1024 * exp(x) + 0.3553 * exp(cos(y)) + 0.0579 * exp(exp(y)) + 1.1174 * x
"{'n_episodes': 200, 'n_simulations': 40, 't_max': 20, 'c': 0.5, 'gamma': 0.001, 'alpha': 0.5, 'beta': 0.1, 'noise': 0.0, 'n_points': 500}","['exp(x)', 'cos(y)']",0.08605311551998812,-1220.1806674282573,0.8152 * exp(x)
"{'n_episodes': 200, 'n_simulations': 40, 't_max': 20, 'c': 0.5, 'gamma': 0.001, 'alpha': 0.5, 'beta': 0.1, 'noise': 0.0, 'n_points': 1000}","['exp(x)', 'y', 'cos(y)', 'x', '(y * cos(x))', 'sin(y)', 'exp(y)', 'cos(x)']",0.004177652498757921,-5436.559261697668,1.2719 * y + 0.6896 * cos(y) + 0.9936 * x + -2.0525 * (y * cos(x)) + 0.4747 * sin(y) + 0.3116 * exp(y)
"{'n_episodes': 200, 'n_simulations': 40, 't_max': 20, 'c': 0.5, 'gamma': 0.001, 'alpha': 1.0, 'beta': 0.0, 'noise': 0.0, 'n_points': 500}","['exp(exp(exp(y)))', '(exp(exp(exp(cos(y)))) * cos(y))', 'cos(exp(sin(sin(x))))', 'exp(exp(exp(cos(exp(y)))))', '(exp(exp(x)) * exp(exp(y)))', 'exp(exp(exp(exp(y))))', '((exp((exp(x) * exp(y))) * y) * exp(x))', 'exp(exp(cos(exp(x))))', 'x', 'exp(cos(exp(exp((cos(exp(cos(y))) * x)))))']",0.07195713990290317,-1297.1984838754288,0.4826 * cos(exp(sin(sin(x)))) + 0.1230 * exp(exp(cos(exp(x)))) + 2.1262 * x
"{'n_episodes': 200, 'n_simulations': 40, 't_max': 20, 'c': 0.5, 'gamma': 0.001, 'alpha': 1.0, 'beta': 0.0, 'noise': 0.0, 'n_points': 1000}","['exp(x)', 'sin(cos(exp(x)))', 'exp(cos(sin(y)))', '(exp(exp(cos(sin(cos(cos(x)))))) * y)', 'y', 'x', '(x * sin(y))']",0.004566894982640719,-5347.475208193346,0.3221 * exp(x) + 0.3131 * sin(cos(exp(x))) + 0.1976 * exp(cos(sin(y))) + -0.2983 * (exp(exp(cos(sin(cos(cos(x)))))) * y) + 3.2082 * y + 0.8988 * x
"{'n_episodes': 200, 'n_simulations': 40, 't_max': 20, 'c': 0.5, 'gamma': 0.001, 'alpha': 1.0, 'beta': 0.1, 'noise': 0.0, 'n_points': 500}","['exp(x)', 'cos(y)']",0.08605311551998812,-1220.1806674282573,0.8152 * exp(x)
"{'n_episodes': 200, 'n_simulations': 40, 't_max': 20, 'c': 0.5, 'gamma': 0.001, 'alpha': 1.0, 'beta': 0.1, 'noise': 0.0, 'n_points': 1000}","['exp(x)', 'cos(y)']",0.09040106422453158,-2396.5914839790576,0.8220 * exp(x)
"{'n_episodes': 200, 'n_simulations': 40, 't_max': 20, 'c': 0.5, 'gamma': 0.005, 'alpha': 0.5, 'beta': 0.0, 'noise': 0.0, 'n_points': 500}","['exp(x)', 'y', '((cos(exp(sin(y))) * x) * x)', 'x', 'cos(y)', '((x * exp((y * exp(sin(sin(x)))))) * exp(y))', 'exp(exp(x))', 'cos(exp(exp(x)))', 'cos((sin(exp(((x * cos(cos(cos(x)))) * exp(y)))) * y))', 'cos((y * x))']",0.007394283047916522,-2422.451028729632,0.4912 * exp(x) + 0.0697 * y + -0.9328 * ((cos(exp(sin(y))) * x) * x) + 0.4566 * x + 0.5735 * cos(y)
"{'n_episodes': 200, 'n_simulations': 40, 't_max': 20, 'c': 0.5, 'gamma': 0.005, 'alpha': 0.5, 'beta': 0.0, 'noise': 0.0, 'n_points': 1000}","['exp(x)', '(y * (x * x))', '((exp(y) * x) * x)', 'sin(y)', 'exp(y)', 'sin(exp(x))', 'x']",0.0044677991951311315,-5369.412810009388,0.8218 * exp(x) + 1.2381 * (y * (x * x)) + -0.2505 * ((exp(y) * x) * x) + 0.1856 * sin(y) + -0.1557 * exp(y) + 0.3598 * sin(exp(x))
"{'n_episodes': 200, 'n_simulations': 40, 't_max': 20, 'c': 0.5, 'gamma': 0.005, 'alpha': 0.5, 'beta': 0.1, 'noise': 0.0, 'n_points': 500}","['exp(x)', '((x * x) * y)', '(x * x)', 'x', 'cos(y)', 'y']",0.004871398287369676,-2631.1140897260316,0.6256 * exp(x) + 0.9688 * ((x * x) * y) + -0.3460 * (x * x) + 0.3132 * x + 0.3856 * cos(y)
"{'n_episodes': 200, 'n_simulations': 40, 't_max': 20, 'c': 0.5, 'gamma': 0.005, 'alpha': 0.5, 'beta': 0.1, 'noise': 0.0, 'n_points': 1000}","['exp(x)', 'y', '(x * (x * exp(cos(exp(y)))))', '(x * (sin(x) * cos(sin(y))))']",0.006777880143128804,-4973.367623337571,0.9188 * exp(x) + -0.7789 * (x * (x * exp(cos(exp(y))))) + 1.0461 * (x * (sin(x) * cos(sin(y))))
"{'n_episodes': 200, 'n_simulations': 40, 't_max': 20, 'c': 0.5, 'gamma': 0.005, 'alpha': 1.0, 'beta': 0.0, 'noise': 0.0, 'n_points': 500}","['exp(x)', '((y * x) * x)', '(x * x)', 'x', 'exp(exp(x))']",0.008187027875908198,-2383.9583475520394,0.9315 * exp(x) + 0.9659 * ((y * x) * x) + -0.4804 * (x * x)
"{'n_episodes': 200, 'n_simulations': 40, 't_max': 20, 'c': 0.5, 'gamma': 0.005, 'alpha': 1.0, 'beta': 0.0, 'noise': 0.0, 'n_points': 1000}","['exp(x)', 'y', '(sin(cos((cos(exp(y)) * x))) * y)', '(x * x)', '(y * cos(x))', 'sin(sin(exp((exp(exp(y)) * y))))', '(sin(sin(sin(y))) * x)', 'x', 'cos(y)', 'exp(sin(exp(y)))']",0.004581169099531723,-5344.3545198494385,0.6545 * exp(x) + 2.0336 * y + -0.3551 * (x * x) + -2.0400 * (y * cos(x)) + 0.2711 * x + 0.3508 * cos(y)
"{'n_episodes': 200, 'n_simulations': 40, 't_max': 20, 'c': 0.5, 'gamma': 0.005, 'alpha': 1.0, 'beta': 0.1, 'noise': 0.0, 'n_points': 500}","['exp(x)', '((x * y) * x)', '(x * x)', 'x', 'y']",0.008187027875908198,-2383.9583475520394,0.9315 * exp(x) + 0.9659 * ((x * y) * x) + -0.4804 * (x * x)
"{'n_episodes': 200, 'n_simulations': 40, 't_max': 20, 'c': 0.5, 'gamma': 0.005, 'alpha': 1.0, 'beta': 0.1, 'noise': 0.0, 'n_points': 1000}","['exp(x)', 'y', '(cos(x) * y)', '(x * (x * exp(y)))', 'exp(y)', 'sin(exp(x))', 'x']",0.00434739020873317,-5396.733034266241,0.8200 * exp(x) + 2.8140 * y + -2.6454 * (cos(x) * y) + -0.2451 * (x * (x * exp(y))) + -0.1639 * exp(y) + 0.3722 * sin(exp(x))
"{'n_episodes': 200, 'n_simulations': 40, 't_max': 20, 'c': 1.0, 'gamma': 0.001, 'alpha': 0.5, 'beta': 0.0, 'noise': 0.0, 'n_points': 500}","['exp(x)', 'exp(cos(x))', 'sin(cos(cos(sin(exp(y)))))', 'sin(cos(exp(cos(y))))', 'sin((y * (sin(cos(y)) * sin(x))))', 'cos((y * exp(x)))', 'exp(exp(exp(y)))']",0.08605311551998812,-1220.1806674282573,0.8152 * exp(x)
"{'n_episodes': 200, 'n_simulations': 40, 't_max': 20, 'c': 1.0, 'gamma': 0.001, 'alpha': 0.5, 'beta': 0.0, 'noise': 0.0, 'n_points': 1000}","['exp(x)', 'cos(y)']",0.09040106422453158,-2396.5914839790576,0.8220 * exp(x)
"{'n_episodes': 200, 'n_simulations': 40, 't_max': 20, 'c': 1.0, 'gamma': 0.001, 'alpha': 0.5, 'beta': 0.1, 'noise': 0.0, 'n_points': 500}","['exp(x)', 'cos(y)']",0.08605311551998812,-1220.1806674282573,0.8152 * exp(x)
"{'n_episodes': 200, 'n_simulations': 40, 't_max': 20, 'c': 1.0, 'gamma': 0.001, 'alpha': 0.5, 'beta': 0.1, 'noise': 0.0, 'n_points': 1000}","['exp(x)', 'y', 'cos(x)', 'x', '(cos(x) * y)', '(y * x)', 'exp(exp(y))']",0.00641128121435254,-5015.157374193387,0.4272 * exp(x) + 2.0481 * y + 0.5280 * cos(x) + 0.5243 * x + -2.0647 * (cos(x) * y)
"{'n_episodes': 200, 'n_simulations': 40, 't_max': 20, 'c': 1.0, 'gamma': 0.001, 'alpha': 1.0, 'beta': 0.0, 'noise': 0.0, 'n_points': 500}","['exp((cos(x) * exp(exp(x))))', '(exp(x) * exp(exp(exp(sin(y)))))', 'exp(exp(exp(x)))', 'exp((exp((y * (exp(exp(x)) * x))) * cos(y)))', '(exp(exp(exp(y))) * x)', '(y * exp(cos(cos(exp(sin(x))))))', '(y * cos(exp(x)))', '(cos(exp((cos(x) * x))) * exp(exp(exp(cos(exp(y))))))', 'sin(exp(exp(x)))', 'exp(exp(exp(y)))']",1.235668214861053,112.02055230944849,0.1044 * (y * exp(cos(cos(exp(sin(x))))))
"{'n_episodes': 200, 'n_simulations': 40, 't_max': 20, 'c': 1.0, 'gamma': 0.001, 'alpha': 1.0, 'beta': 0.0, 'noise': 0.0, 'n_points': 1000}","['exp(x)', 'exp(exp(cos(x)))', 'exp(exp(cos(cos(y))))', '(x * exp(y))', 'exp(sin(exp(x)))', 'exp(exp(cos(y)))', '(x * exp(exp(x)))', '(exp(exp(x)) * x)']",0.07713120662307821,-2541.5240593040403,0.7695 * exp(x) + -0.0556 * exp(exp(cos(cos(y)))) + 0.2137 * exp(sin(exp(x)))
"{'n_episodes': 200, 'n_simulations': 40, 't_max': 20, 'c': 1.0, 'gamma': 0.001, 'alpha': 1.0, 'beta': 0.1, 'noise': 0.0, 'n_points': 500}","['exp(x)', 'cos(y)']",0.08605311551998812,-1220.1806674282573,0.8152 * exp(x)
"{'n_episodes': 200, 'n_simulations': 40, 't_max': 20, 'c': 1.0, 'gamma': 0.001, 'alpha': 1.0, 'beta': 0.1, 'noise': 0.0, 'n_points': 1000}","['exp(x)', 'cos(y)']",0.09040106422453158,-2396.5914839790576,0.8220 * exp(x)
"{'n_episodes': 200, 'n_simulations': 40, 't_max': 20, 'c': 1.0, 'gamma': 0.005, 'alpha': 0.5, 'beta': 0.0, 'noise': 0.0, 'n_points': 500}","['exp(x)', '(x * (x * y))', '(x * x)', 'x', 'cos(y)', 'exp(cos(cos(exp(exp(exp(x))))))', 'y', '(x * y)']",0.004871398287369676,-2631.1140897260316,0.6256 * exp(x) + 0.9688 * (x * (x * y)) + -0.3460 * (x * x) + 0.3132 * x + 0.3856 * cos(y)
"{'n_episodes': 200, 'n_simulations': 40, 't_max': 20, 'c': 1.0, 'gamma': 0.005, 'alpha': 0.5, 'beta': 0.0, 'noise': 0.0, 'n_points': 1000}","['exp(x)', '((y * x) * x)', '((cos(cos(y)) * x) * x)', 'exp(exp(x))', 'y', 'exp(y)', '(x * y)', '(exp(x) * exp(exp(exp((exp(x) * y)))))']",0.004959273887036882,-5265.049411030583,1.1419 * exp(x) + 0.9599 * ((y * x) * x) + -0.5251 * ((cos(cos(y)) * x) * x) + -0.0541 * exp(exp(x)) + 0.0510 * y + -0.0509 * exp(y)
"{'n_episodes': 200, 'n_simulations': 40, 't_max': 20, 'c': 1.0, 'gamma': 0.005, 'alpha': 0.5, 'beta': 0.1, 'noise': 0.0, 'n_points': 500}","['exp(x)', 'y', '(y * cos(x))', '(x * x)', 'x', 'cos(y)', '(x * y)', 'exp(exp(y))']",0.004779568695830225,-2634.414835183314,0.6270 * exp(x) + 2.0166 * y + -2.0033 * (y * cos(x)) + -0.3477 * (x * x) + 0.3115 * x + 0.3845 * cos(y)
"{'n_episodes': 200, 'n_simulations': 40, 't_max': 20, 'c': 1.0, 'gamma': 0.005, 'alpha': 0.5, 'beta': 0.1, 'noise': 0.0, 'n_points': 1000}","['exp(x)', '((y * (x * exp(sin((sin(y) * cos(exp(sin((sin(x) * x))))))))) * x)', '(x * x)', 'x', 'cos(y)', 'y', '(y * cos(x))', '(y * x)', 'sin(exp(y))', '(x * y)']",0.0045805378558772735,-5337.584565017147,0.6548 * exp(x) + 0.0175 * ((y * (x * exp(sin((sin(y) * cos(exp(sin((sin(x) * x))))))))) * x) + -0.3531 * (x * x) + 0.2707 * x + 0.3499 * cos(y) + 1.9948 * y + -2.0010 * (y * cos(x))
"{'n_episodes': 200, 'n_simulations': 40, 't_max': 20, 'c': 1.0, 'gamma': 0.005, 'alpha': 1.0, 'beta': 0.0, 'noise': 0.0, 'n_points': 500}","['exp(x)', '(y * (x * x))', '(x * x)', '(cos(x) * x)', 'y']",0.008187027875908196,-2383.9583475520394,0.9315 * exp(x) + 0.9659 * (y * (x * x)) + -0.4804 * (x * x)
"{'n_episodes': 200, 'n_simulations': 40, 't_max': 20, 'c': 1.0, 'gamma': 0.005, 'alpha': 1.0, 'beta': 0.0, 'noise': 0.0, 'n_points': 1000}","['exp(x)', '(y * (cos(exp(x)) * x))', '(x * x)', '((x * x) * y)', 'y', '(x * y)']",0.0075338122469214355,-4867.630824955521,0.9280 * exp(x) + -0.4660 * (x * x) + 0.9393 * ((x * x) * y)
"{'n_episodes': 200, 'n_simulations': 40, 't_max': 20, 'c': 1.0, 'gamma': 0.005, 'alpha': 1.0, 'beta': 0.1, 'noise': 0.0, 'n_points': 500}","['exp(x)', 'y', 'cos((exp(cos(exp(y))) * cos(x)))', 'x']",0.015971065023551945,-2049.844490687199,0.9291 * exp(x) + 1.0586 * y + -0.8388 * cos((exp(cos(exp(y))) * cos(x)))
"{'n_episodes': 200, 'n_simulations': 40, 't_max': 20, 'c': 1.0, 'gamma': 0.005, 'alpha': 1.0, 'beta': 0.1, 'noise': 0.0, 'n_points': 1000}","['exp(x)', 'y', '(y * (x * (exp(sin(exp((exp(y) * x)))) * x)))', '(x * x)', 'x']",0.009064830989359266,-4682.629813418938,0.9452 * exp(x) + 0.5314 * (y * (x * (exp(sin(exp((exp(y) * x)))) * x))) + -0.3566 * (x * x)
"{'n_episodes': 500, 'n_simulations': 20, 't_max': 15, 'c': 0.5, 'gamma': 0.001, 'alpha': 0.5, 'beta': 0.0, 'noise': 0.0, 'n_points': 500}","['exp(x)', 'sin(cos(x))']",0.08605311551998812,-1220.1806674282573,0.8152 * exp(x)
"{'n_episodes': 500, 'n_simulations': 20, 't_max': 15, 'c': 0.5, 'gamma': 0.001, 'alpha': 0.5, 'beta': 0.0, 'noise': 0.0, 'n_points': 1000}","['exp(x)', 'cos(y)', 'exp(exp(cos(x)))']",0.09040106422453158,-2396.5914839790576,0.8220 * exp(x)
"{'n_episodes': 500, 'n_simulations': 20, 't_max': 15, 'c': 0.5, 'gamma': 0.001, 'alpha': 0.5, 'beta': 0.1, 'noise': 0.0, 'n_points': 500}","['exp(x)', 'cos(y)']",0.08605311551998812,-1220.1806674282573,0.8152 * exp(x)
"{'n_episodes': 500, 'n_simulations': 20, 't_max': 15, 'c': 0.5, 'gamma': 0.001, 'alpha': 0.5, 'beta': 0.1, 'noise': 0.0, 'n_points': 1000}","['exp(x)', 'y', 'cos(x)', 'x', '(cos(x) * y)', '(x * y)']",0.00641128121435254,-5015.157374193387,0.4272 * exp(x) + 2.0481 * y + 0.5280 * cos(x) + 0.5243 * x + -2.0647 * (cos(x) * y)
"{'n_episodes': 500, 'n_simulations': 20, 't_max': 15, 'c': 0.5, 'gamma': 0.001, 'alpha': 1.0, 'beta': 0.0, 'noise': 0.0, 'n_points': 500}","['exp(x)', 'cos(y)', '(y * x)']",0.08605311551998812,-1220.1806674282573,0.8152 * exp(x)
"{'n_episodes': 500, 'n_simulations': 20, 't_max': 15, 'c': 0.5, 'gamma': 0.001, 'alpha': 1.0, 'beta': 0.0, 'noise': 0.0, 'n_points': 1000}","['exp(x)', 'cos(sin(cos(exp(y))))', 'exp(sin((x * exp(exp(exp(cos(y)))))))', 'exp((x * exp(exp(y))))', 'exp(cos(x))', '(x * cos(exp(exp(x))))', 'cos(exp(exp(sin((sin(y) * y)))))', 'cos(exp(exp(sin(y))))', 'exp(exp(exp(sin(x))))', 'y']",0.0392445466481843,-3203.4040069114753,0.8781 * exp(x) + -1.0219 * cos(sin(cos(exp(y)))) + 0.3026 * exp(cos(x)) + -0.1419 * cos(exp(exp(sin((sin(y) * y))))) + 0.4454 * y
"{'n_episodes': 500, 'n_simulations': 20, 't_max': 15, 'c': 0.5, 'gamma': 0.001, 'alpha': 1.0, 'beta': 0.1, 'noise': 0.0, 'n_points': 500}","['exp(x)', 'cos(y)']",0.08605311551998812,-1220.1806674282573,0.8152 * exp(x)
"{'n_episodes': 500, 'n_simulations': 20, 't_max': 15, 'c': 0.5, 'gamma': 0.001, 'alpha': 1.0, 'beta': 0.1, 'noise': 0.0, 'n_points': 1000}","['exp(x)', 'cos(x)']",0.09040106422453158,-2396.5914839790576,0.8220 * exp(x)
"{'n_episodes': 500, 'n_simulations': 20, 't_max': 15, 'c': 0.5, 'gamma': 0.005, 'alpha': 0.5, 'beta': 0.0, 'noise': 0.0, 'n_points': 500}","['exp(x)', '(y * (x * x))', '(x * x)', 'y', 'sin(x)', 'cos(y)']",0.004725640506780264,-2646.3030446243474,0.6267 * exp(x) + 0.9679 * (y * (x * x)) + -0.3462 * (x * x) + 0.3445 * sin(x) + 0.3838 * cos(y)
"{'n_episodes': 500, 'n_simulations': 20, 't_max': 15, 'c': 0.5, 'gamma': 0.005, 'alpha': 0.5, 'beta': 0.0, 'noise': 0.0, 'n_points': 1000}","['exp(x)', 'y', '((x * sin(x)) * cos(exp(sin(y))))', 'cos(exp((y * y)))', 'cos(sin(exp(sin(x))))', 'sin(exp(((sin(y) * x) * x)))']",0.005158125111332863,-5232.6433396384355,0.7839 * exp(x) + -0.8859 * ((x * sin(x)) * cos(exp(sin(y)))) + 0.1696 * cos(exp((y * y))) + -0.7043 * cos(sin(exp(sin(x)))) + 0.7276 * sin(exp(((sin(y) * x) * x)))
"{'n_episodes': 500, 'n_simulations': 20, 't_max': 15, 'c': 0.5, 'gamma': 0.005, 'alpha': 0.5, 'beta': 0.1, 'noise': 0.0, 'n_points': 500}","['exp(x)', 'y', '(y * cos(x))', '(x * x)', 'x', 'cos(y)', '(x * y)', 'sin(exp(y))']",0.004779568695830225,-2634.414835183314,0.6270 * exp(x) + 2.0166 * y + -2.0033 * (y * cos(x)) + -0.3477 * (x * x) + 0.3115 * x + 0.3845 * cos(y)
"{'n_episodes': 500, 'n_simulations': 20, 't_max': 15, 'c': 0.5, 'gamma': 0.005, 'alpha': 0.5, 'beta': 0.1, 'noise': 0.0, 'n_points': 1000}","['exp(x)', 'y', '(y * cos(x))', '(x * x)', 'cos(exp(y))', 'x']",0.005016994695654414,-5260.385414360054,0.8896 * exp(x) + 2.2372 * y + -2.0469 * (y * cos(x)) + -0.5012 * (x * x) + 0.2162 * cos(exp(y))
"{'n_episodes': 500, 'n_simulations': 20, 't_max': 15, 'c': 0.5, 'gamma': 0.005, 'alpha': 1.0, 'beta': 0.0, 'noise': 0.0, 'n_points': 500}","['exp(x)', '((x * x) * y)', '(x * x)', 'y', 'sin((cos(x) * x))']",0.008187027875908196,-2383.9583475520394,0.9315 * exp(x) + 0.9659 * ((x * x) * y) + -0.4804 * (x * x)
"{'n_episodes': 500, 'n_simulations': 20, 't_max': 15, 'c': 0.5, 'gamma': 0.005, 'alpha': 1.0, 'beta': 0.0, 'noise': 0.0, 'n_points': 1000}","['exp(x)', 'y', '(y * cos(x))', '(x * x)', 'cos(exp(y))', 'exp(y)', 'cos(sin(x))', 'exp(sin(((exp(x) * x) * (exp(cos(x)) * x))))', '(cos(y) * y)', 'cos((y * x))']",0.00494938611406008,-5267.045195780035,0.8992 * exp(x) + 2.3302 * y + -2.0417 * (y * cos(x)) + -0.3581 * (x * x) + -0.2686 * exp(y) + 0.3746 * cos(sin(x))
"{'n_episodes': 500, 'n_simulations': 20, 't_max': 15, 'c': 0.5, 'gamma': 0.005, 'alpha': 1.0, 'beta': 0.1, 'noise': 0.0, 'n_points': 500}","['exp(x)', 'y', 'cos(y)', 'x', '(y * cos(x))', 'cos(x)', 'sin(exp(y))', 'exp(exp(y))', 'exp(cos(y))']",0.004620775569648313,-2651.3087092890687,0.2828 * exp(x) + 2.0139 * y + 0.3728 * cos(y) + 0.6901 * x + -2.0004 * (y * cos(x)) + 0.3545 * cos(x)
"{'n_episodes': 500, 'n_simulations': 20, 't_max': 15, 'c': 0.5, 'gamma': 0.005, 'alpha': 1.0, 'beta': 0.1, 'noise': 0.0, 'n_points': 1000}","['exp(x)', 'sin((y * (x * x)))', '(x * x)', 'y', 'cos(exp(y))', 'x']",0.004968600192062352,-5270.078353646429,0.8900 * exp(x) + 1.0224 * sin((y * (x * x))) + -0.5022 * (x * x) + 0.1872 * y + 0.2153 * cos(exp(y))
"{'n_episodes': 500, 'n_simulations': 20, 't_max': 15, 'c': 1.0, 'gamma': 0.001, 'alpha': 0.5, 'beta': 0.0, 'noise': 0.0, 'n_points': 500}","['exp(x)', 'cos(exp(x))', '(exp((exp(cos(y)) * x)) * cos(x))', 'exp(sin(((exp(sin(exp(y))) * x) * exp(y))))', '(cos(exp(cos(exp(y)))) * x)', '(y * x)']",0.08605311551998812,-1220.1806674282573,0.8152 * exp(x)
"{'n_episodes': 500, 'n_simulations': 20, 't_max': 15, 'c': 1.0, 'gamma': 0.001, 'alpha': 0.5, 'beta': 0.0, 'noise': 0.0, 'n_points': 1000}","['exp(x)', 'exp(cos(y))', 'exp(((x * cos(exp(y))) * x))']",0.007567206661605501,-4863.208014902411,0.9054 * exp(x) + 0.3500 * exp(cos(y)) + -0.8116 * exp(((x * cos(exp(y))) * x))
"{'n_episodes': 500, 'n_simulations': 20, 't_max': 15, 'c': 1.0, 'gamma': 0.001, 'alpha': 0.5, 'beta': 0.1, 'noise': 0.0, 'n_points': 500}","['exp(x)', 'cos(y)']",0.08605311551998812,-1220.1806674282573,0.8152 * exp(x)
"{'n_episodes': 500, 'n_simulations': 20, 't_max': 15, 'c': 1.0, 'gamma': 0.001, 'alpha': 0.5, 'beta': 0.1, 'noise': 0.0, 'n_points': 1000}","['exp(x)', 'y', 'cos(x)', 'x', '(y * cos(x))', '(x * y)', '(y * x)', 'exp(exp(x))']",0.00641128121435254,-5015.157374193387,0.4272 * exp(x) + 2.0481 * y + 0.5280 * cos(x) + 0.5243 * x + -2.0647 * (y * cos(x))
"{'n_episodes': 500, 'n_simulations': 20, 't_max': 15, 'c': 1.0, 'gamma': 0.001, 'alpha': 1.0, 'beta': 0.0, 'noise': 0.0, 'n_points': 500}","['exp(exp(exp(exp(cos(sin(exp(x)))))))', 'exp(exp(cos(sin(x))))', 'exp(exp(exp(exp(x))))', 'sin((y * y))', 'exp((y * x))', 'exp(exp(sin(exp(sin(y)))))', '(sin(cos((exp(y) * (y * y)))) * y)', 'exp(exp((exp(sin(y)) * exp(cos(y)))))', 'sin(exp(exp(y)))', 'exp((x * y))']",0.3476007157900038,-515.9211969822841,0.0930 * exp(exp(sin(exp(sin(y))))) + -0.3814 * (sin(cos((exp(y) * (y * y)))) * y)
"{'n_episodes': 500, 'n_simulations': 20, 't_max': 15, 'c': 1.0, 'gamma': 0.001, 'alpha': 1.0, 'beta': 0.0, 'noise': 0.0, 'n_points': 1000}","['exp(x)', 'cos(x)', '(sin(exp((y * sin(y)))) * exp(sin(x)))', '(exp(cos(y)) * exp(exp(x)))']",0.09040106422453158,-2396.5914839790576,0.8220 * exp(x)
"{'n_episodes': 500, 'n_simulations': 20, 't_max': 15, 'c': 1.0, 'gamma': 0.001, 'alpha': 1.0, 'beta': 0.1, 'noise': 0.0, 'n_points': 500}","['exp(x)', 'cos(y)']",0.08605311551998812,-1220.1806674282573,0.8152 * exp(x)
"{'n_episodes': 500, 'n_simulations': 20, 't_max': 15, 'c': 1.0, 'gamma': 0.001, 'alpha': 1.0, 'beta': 0.1, 'noise': 0.0, 'n_points': 1000}","['exp(x)', 'cos(x)']",0.09040106422453158,-2396.5914839790576,0.8220 * exp(x)
"{'n_episodes': 500, 'n_simulations': 20, 't_max': 15, 'c': 1.0, 'gamma': 0.005, 'alpha': 0.5, 'beta': 0.0, 'noise': 0.0, 'n_points': 500}","['exp(x)', '((x * y) * x)', '(x * x)', '(x * exp(y))', 'x', 'cos(y)', '(sin((y * x)) * cos(y))']",0.004871398287369676,-2631.1140897260316,0.6256 * exp(x) + 0.9688 * ((x * y) * x) + -0.3460 * (x * x) + 0.3132 * x + 0.3856 * cos(y)
"{'n_episodes': 500, 'n_simulations': 20, 't_max': 15, 'c': 1.0, 'gamma': 0.005, 'alpha': 0.5, 'beta': 0.0, 'noise': 0.0, 'n_points': 1000}","['exp((sin(sin(x)) * exp((y * sin(x)))))', 'exp(exp((x * y)))', 'sin(exp(x))', '(exp(cos(x)) * (y * exp(y)))', 'x', 'exp(y)', 'exp(exp(sin(y)))', '((x * exp(x)) * y)', '(x * x)']",0.004904564506927559,-5269.234688493349,-0.0968 * exp(exp((x * y))) + 0.0881 * sin(exp(x)) + -0.4227 * (exp(cos(x)) * (y * exp(y))) + 0.9717 * x + 0.4305 * exp(y) + 0.2789 * exp(exp(sin(y))) + 0.2843 * ((x * exp(x)) * y)
"{'n_episodes': 500, 'n_simulations': 20, 't_max': 15, 'c': 1.0, 'gamma': 0.005, 'alpha': 0.5, 'beta': 0.1, 'noise': 0.0, 'n_points': 500}","['exp(x)', 'y', '(cos(x) * y)', '(x * x)', 'x', 'cos(y)', 'exp(exp(x))', '(y * x)']",0.004779568695830225,-2634.414835183314,0.6270 * exp(x) + 2.0166 * y + -2.0033 * (cos(x) * y) + -0.3477 * (x * x) + 0.3115 * x + 0.3845 * cos(y)
"{'n_episodes': 500, 'n_simulations': 20, 't_max': 15, 'c': 1.0, 'gamma': 0.005, 'alpha': 0.5, 'beta': 0.1, 'noise': 0.0, 'n_points': 1000}","['exp(x)', 'y', '(y * cos(x))', '(x * x)', 'cos(exp(y))', 'x']",0.005016994695654414,-5260.385414360054,0.8896 * exp(x) + 2.2372 * y + -2.0469 * (y * cos(x)) + -0.5012 * (x * x) + 0.2162 * cos(exp(y))
"{'n_episodes': 500, 'n_simulations': 20, 't_max': 15, 'c': 1.0, 'gamma': 0.005, 'alpha': 1.0, 'beta': 0.0, 'noise': 0.0, 'n_points': 500}","['exp(x)', 'y', 'sin(cos(y))', '(x * y)', 'cos((exp(y) * exp(sin(y))))']",0.05209779854561822,-1464.8870765622955,0.8192 * exp(x) + 0.3111 * y
"{'n_episodes': 500, 'n_simulations': 20, 't_max': 15, 'c': 1.0, 'gamma': 0.005, 'alpha': 1.0, 'beta': 0.0, 'noise': 0.0, 'n_points': 1000}","['exp(x)', 'y', '(y * cos(x))', '((x * x) * cos(cos(y)))', '(sin(y) * y)', 'exp(exp(exp(sin(y))))', '(sin(y) * cos(y))', '(exp(x) * y)', '(x * x)', 'exp(sin(x))']",0.004212561706006436,-5421.330048147935,0.2207 * exp(x) + 2.0439 * y + -2.0514 * (y * cos(x)) + -0.0787 * ((x * x) * cos(cos(y))) + -0.1671 * (sin(y) * y) + -0.3736 * (x * x) + 0.7697 * exp(sin(x))
"{'n_episodes': 500, 'n_simulations': 20, 't_max': 15, 'c': 1.0, 'gamma': 0.005, 'alpha': 1.0, 'beta': 0.1, 'noise': 0.0, 'n_points': 500}","['exp(x)', 'y', 'cos(x)', 'x', '(y * cos(x))', 'cos(y)', '(y * x)', '(x * x)', '(x * y)', 'exp(cos(y))']",0.004620775569648311,-2651.308709289069,0.2828 * exp(x) + 2.0139 * y + 0.3545 * cos(x) + 0.6901 * x + -2.0004 * (y * cos(x)) + 0.3728 * cos(y)
"{'n_episodes': 500, 'n_simulations': 20, 't_max': 15, 'c': 1.0, 'gamma': 0.005, 'alpha': 1.0, 'beta': 0.1, 'noise': 0.0, 'n_points': 1000}","['exp(x)', '((y * x) * x)', '((x * exp(y)) * x)', 'y']",0.0064529376271519985,-5022.496539951513,0.9271 * exp(x) + 1.3770 * ((y * x) * x) + -0.3931 * ((x * exp(y)) * x)
"{'n_episodes': 500, 'n_simulations': 20, 't_max': 20, 'c': 0.5, 'gamma': 0.001, 'alpha': 0.5, 'beta': 0.0, 'noise': 0.0, 'n_points': 500}","['exp(x)', 'exp(exp(y))', 'sin(cos(y))', 'cos(sin((sin(x) * cos(y))))', '(y * x)']",0.08605311551998812,-1220.1806674282573,0.8152 * exp(x)
"{'n_episodes': 500, 'n_simulations': 20, 't_max': 20, 'c': 0.5, 'gamma': 0.001, 'alpha': 0.5, 'beta': 0.0, 'noise': 0.0, 'n_points': 1000}","['exp(x)', 'cos(x)']",0.09040106422453158,-2396.5914839790576,0.8220 * exp(x)
"{'n_episodes': 500, 'n_simulations': 20, 't_max': 20, 'c': 0.5, 'gamma': 0.001, 'alpha': 0.5, 'beta': 0.1, 'noise': 0.0, 'n_points': 500}","['exp(x)', 'cos(y)']",0.08605311551998812,-1220.1806674282573,0.8152 * exp(x)
"{'n_episodes': 500, 'n_simulations': 20, 't_max': 20, 'c': 0.5, 'gamma': 0.001, 'alpha': 0.5, 'beta': 0.1, 'noise': 0.0, 'n_points': 1000}","['exp(x)', 'y', 'cos(y)', 'x', 'exp(((y * x) * x))']",0.006307576973476582,-5038.372652923396,-0.2986 * exp(x) + 0.4724 * cos(y) + 1.3264 * x + 0.8704 * exp(((y * x) * x))
"{'n_episodes': 500, 'n_simulations': 20, 't_max': 20, 'c': 0.5, 'gamma': 0.001, 'alpha': 1.0, 'beta': 0.0, 'noise': 0.0, 'n_points': 500}","['exp(exp(exp(y)))', '((x * exp(exp(cos(x)))) * y)', 'cos(exp(x))']",1.2559031069350473,113.92746045512447,dx/dt = 0
"{'n_episodes': 500, 'n_simulations': 20, 't_max': 20, 'c': 0.5, 'gamma': 0.001, 'alpha': 1.0, 'beta': 0.0, 'noise': 0.0, 'n_points': 1000}","['exp(x)', 'exp(sin(cos(sin(exp(x)))))', 'exp(exp(y))', 'exp(exp(exp(sin(cos((x * x))))))', 'exp(sin((cos(cos(x)) * exp(exp(x)))))', 'exp(exp(cos((cos(exp(x)) * sin(sin(exp(sin(exp(y)))))))))', 'exp(cos(x))', 'sin((sin(y) * x))', 'sin((exp(y) * x))']",0.061391814277464846,-2762.8477495573393,0.7879 * exp(x) + -0.3904 * exp(sin(cos(sin(exp(x))))) + 0.0732 * exp(sin((cos(cos(x)) * exp(exp(x))))) + 0.0534 * exp(exp(cos((cos(exp(x)) * sin(sin(exp(sin(exp(y)))))))))
"{'n_episodes': 500, 'n_simulations': 20, 't_max': 20, 'c': 0.5, 'gamma': 0.001, 'alpha': 1.0, 'beta': 0.1, 'noise': 0.0, 'n_points': 500}","['exp(x)', 'cos(y)']",0.08605311551998812,-1220.1806674282573,0.8152 * exp(x)
"{'n_episodes': 500, 'n_simulations': 20, 't_max': 20, 'c': 0.5, 'gamma': 0.001, 'alpha': 1.0, 'beta': 0.1, 'noise': 0.0, 'n_points': 1000}","['exp(x)', 'cos(y)']",0.09040106422453158,-2396.5914839790576,0.8220 * exp(x)
"{'n_episodes': 500, 'n_simulations': 20, 't_max': 20, 'c': 0.5, 'gamma': 0.005, 'alpha': 0.5, 'beta': 0.0, 'noise': 0.0, 'n_points': 500}","['exp(x)', 'y', '(x * y)', 'sin(cos(y))', 'x', '(cos(x) * y)', 'exp(y)', '(exp(sin(y)) * x)', 'cos(exp(exp(exp(x))))', '(x * exp(exp(x)))']",0.004642784425849731,-2655.1474599824314,1.7657 * y + 0.9169 * sin(cos(y)) + 1.0015 * x + -2.0047 * (cos(x) * y) + 0.2268 * exp(y)
"{'n_episodes': 500, 'n_simulations': 20, 't_max': 20, 'c': 0.5, 'gamma': 0.005, 'alpha': 0.5, 'beta': 0.0, 'noise': 0.0, 'n_points': 1000}","['exp(x)', 'y', '(cos(x) * y)', '(x * (exp(y) * x))', 'exp((exp(sin(x)) * x))', 'exp(y)', 'cos((x * exp(exp(x))))', 'exp(cos(cos(exp(exp((sin(y) * cos(sin(y))))))))', 'exp(exp((exp(sin(y)) * x)))', '(exp(y) * x)']",0.0049302615953895484,-5270.91669871624,1.0432 * exp(x) + 2.8359 * y + -2.7997 * (cos(x) * y) + -0.3097 * (x * (exp(y) * x)) + -0.0531 * exp((exp(sin(x)) * x)) + -0.0468 * exp(y)
"{'n_episodes': 500, 'n_simulations': 20, 't_max': 20, 'c': 0.5, 'gamma': 0.005, 'alpha': 0.5, 'beta': 0.1, 'noise': 0.0, 'n_points': 500}","['exp(x)', 'y', '(cos(x) * y)', '(x * x)', 'x', 'cos(y)', 'exp(exp(x))', '(y * y)', 'cos(cos(x))']",0.004779568695830225,-2634.414835183314,0.6270 * exp(x) + 2.0166 * y + -2.0033 * (cos(x) * y) + -0.3477 * (x * x) + 0.3115 * x + 0.3845 * cos(y)
"{'n_episodes': 500, 'n_simulations': 20, 't_max': 20, 'c': 0.5, 'gamma': 0.005, 'alpha': 0.5, 'beta': 0.1, 'noise': 0.0, 'n_points': 1000}","['exp(x)', 'y', '(cos(x) * y)', '(x * (exp(y) * x))', 'x', 'cos(cos(cos(y)))', 'exp(exp(x))', 'sin(x)']",0.004437323274561484,-5376.257418750698,0.3726 * exp(x) + 2.4318 * y + -2.4398 * (cos(x) * y) + -0.1658 * (x * (exp(y) * x)) + 0.5814 * x + 0.7290 * cos(cos(cos(y)))
"{'n_episodes': 500, 'n_simulations': 20, 't_max': 20, 'c': 0.5, 'gamma': 0.005, 'alpha': 1.0, 'beta': 0.0, 'noise': 0.0, 'n_points': 500}","['exp(x)', '((x * y) * x)', '(x * x)', 'exp(y)', 'y']",0.008187027875908198,-2383.9583475520394,0.9315 * exp(x) + 0.9659 * ((x * y) * x) + -0.4804 * (x * x)
"{'n_episodes': 500, 'n_simulations': 20, 't_max': 20, 'c': 0.5, 'gamma': 0.005, 'alpha': 1.0, 'beta': 0.0, 'noise': 0.0, 'n_points': 1000}","['exp(x)', 'y', '(cos(x) * y)', '(x * x)', 'cos(exp(y))', 'x', 'exp(exp(cos(y)))']",0.005016994695654414,-5260.385414360054,0.8896 * exp(x) + 2.2372 * y + -2.0469 * (cos(x) * y) + -0.5012 * (x * x) + 0.2162 * cos(exp(y))
"{'n_episodes': 500, 'n_simulations': 20, 't_max': 20, 'c': 0.5, 'gamma': 0.005, 'alpha': 1.0, 'beta': 0.1, 'noise': 0.0, 'n_points': 500}","['exp(x)', 'y', 'cos(x)', 'x', '(cos(x) * y)', 'cos(y)', 'exp(cos(y))', 'exp(exp(x))']",0.004620775569648311,-2651.308709289069,0.2828 * exp(x) + 2.0139 * y + 0.3545 * cos(x) + 0.6901 * x + -2.0004 * (cos(x) * y) + 0.3728 * cos(y)
"{'n_episodes': 500, 'n_simulations': 20, 't_max': 20, 'c': 0.5, 'gamma': 0.005, 'alpha': 1.0, 'beta': 0.1, 'noise': 0.0, 'n_points': 1000}","['exp(x)', 'y', '((sin(cos(exp(sin(y)))) * y) * (((x * x) * cos(y)) * cos(exp(y))))', 'x', 'cos(cos(exp(sin(y))))', 'cos(y)', 'exp(y)', '(cos(x) * y)', 'cos(x)']",0.004187124119917796,-5427.386861314654,1.6811 * y + 0.0484 * ((sin(cos(exp(sin(y)))) * y) * (((x * x) * cos(y)) * cos(exp(y)))) + 0.9936 * x + 0.1922 * cos(cos(exp(sin(y)))) + 0.5680 * cos(y) + 0.2662 * exp(y) + -2.0188 * (cos(x) * y)
"{'n_episodes': 500, 'n_simulations': 20, 't_max': 20, 'c': 1.0, 'gamma': 0.001, 'alpha': 0.5, 'beta': 0.0, 'noise': 0.0, 'n_points': 500}","['exp(x)', 'exp(exp(sin(cos(sin(y)))))', 'sin(cos(exp(exp(sin((exp(y) * cos(y)))))))', 'cos(exp(exp(exp(sin(exp(x))))))', '(x * y)', 'exp((exp(y) * y))', 'sin((exp(y) * exp(y)))', '(x * sin(y))', 'cos(x)']",0.08605311551998812,-1220.1806674282573,0.8152 * exp(x)
"{'n_episodes': 500, 'n_simulations': 20, 't_max': 20, 'c': 1.0, 'gamma': 0.001, 'alpha': 0.5, 'beta': 0.0, 'noise': 0.0, 'n_points': 1000}","['exp(x)', 'cos(x)']",0.09040106422453158,-2396.5914839790576,0.8220 * exp(x)
"{'n_episodes': 500, 'n_simulations': 20, 't_max': 20, 'c': 1.0, 'gamma': 0.001, 'alpha': 0.5, 'beta': 0.1, 'noise': 0.0, 'n_points': 500}","['exp(x)', 'cos(y)']",0.08605311551998812,-1220.1806674282573,0.8152 * exp(x)
"{'n_episodes': 500, 'n_simulations': 20, 't_max': 20, 'c': 1.0, 'gamma': 0.001, 'alpha': 0.5, 'beta': 0.1, 'noise': 0.0, 'n_points': 1000}","['exp(x)', 'y', 'cos(x)', 'x', '(y * cos(x))', '(y * x)', 'exp(exp(y))']",0.00641128121435254,-5015.157374193387,0.4272 * exp(x) + 2.0481 * y + 0.5280 * cos(x) + 0.5243 * x + -2.0647 * (y * cos(x))
"{'n_episodes': 500, 'n_simulations': 20, 't_max': 20, 'c': 1.0, 'gamma': 0.001, 'alpha': 1.0, 'beta': 0.0, 'noise': 0.0, 'n_points': 500}","['sin((x * (sin(y) * exp(exp(exp((cos(x) * exp(y))))))))', '(exp(exp(exp(y))) * x)', 'exp((exp((exp((exp(y) * y)) * x)) * y))', 'exp((exp(exp(x)) * exp(cos(x))))', '(y * (cos(exp(x)) * exp(x)))', '((sin(exp(exp(x))) * x) * x)', 'exp((y * exp(exp(y))))', 'sin((((y * sin(sin(y))) * exp(exp(exp(cos(y))))) * cos(y)))', 'exp(exp(exp(y)))']",1.2559031069350473,113.92746045512447,dx/dt = 0
"{'n_episodes': 500, 'n_simulations': 20, 't_max': 20, 'c': 1.0, 'gamma': 0.001, 'alpha': 1.0, 'beta': 0.0, 'noise': 0.0, 'n_points': 1000}","['exp(x)', 'exp(cos(x))', 'exp((y * (cos(x) * exp(exp(cos(y))))))', 'cos(y)', 'exp(exp(exp(y)))', 'exp(exp(exp(cos(sin(y)))))', 'cos(exp(exp(exp((exp(x) * x)))))', '(x * cos(exp((sin(x) * x))))', 'cos((exp(x) * y))', 'sin(cos(exp(exp(cos(y)))))']",0.08790024428820215,-2410.8294292974874,0.8398 * exp(x) + 0.0984 * exp(cos(x)) + -0.3007 * cos(y)
"{'n_episodes': 500, 'n_simulations': 20, 't_max': 20, 'c': 1.0, 'gamma': 0.001, 'alpha': 1.0, 'beta': 0.1, 'noise': 0.0, 'n_points': 500}","['exp(x)', 'cos(y)']",0.08605311551998812,-1220.1806674282573,0.8152 * exp(x)
"{'n_episodes': 500, 'n_simulations': 20, 't_max': 20, 'c': 1.0, 'gamma': 0.001, 'alpha': 1.0, 'beta': 0.1, 'noise': 0.0, 'n_points': 1000}","['exp(x)', 'cos(y)']",0.09040106422453158,-2396.5914839790576,0.8220 * exp(x)
"{'n_episodes': 500, 'n_simulations': 20, 't_max': 20, 'c': 1.0, 'gamma': 0.005, 'alpha': 0.5, 'beta': 0.0, 'noise': 0.0, 'n_points': 500}","['exp(x)', '(cos(exp(y)) * (x * x))', 'cos(exp((y * y)))', 'x', 'y', '(exp(x) * y)', 'cos(exp(cos(exp((exp(x) * exp(y))))))']",0.010414335840852442,-2263.6421635966553,0.8833 * exp(x) + -1.0488 * (cos(exp(y)) * (x * x)) + 0.2487 * cos(exp((y * y)))
"{'n_episodes': 500, 'n_simulations': 20, 't_max': 20, 'c': 1.0, 'gamma': 0.005, 'alpha': 0.5, 'beta': 0.0, 'noise': 0.0, 'n_points': 1000}","['exp(x)', 'y', '(y * cos(x))', '(x * x)', 'cos(exp(y))', 'x', 'exp((x * sin(exp(y))))']",0.005016994695654414,-5260.385414360054,0.8896 * exp(x) + 2.2372 * y + -2.0469 * (y * cos(x)) + -0.5012 * (x * x) + 0.2162 * cos(exp(y))
"{'n_episodes': 500, 'n_simulations': 20, 't_max': 20, 'c': 1.0, 'gamma': 0.005, 'alpha': 0.5, 'beta': 0.1, 'noise': 0.0, 'n_points': 500}","['exp(x)', '(y * (x * x))', '(x * x)', 'y']",0.008187027875908196,-2383.9583475520394,0.9315 * exp(x) + 0.9659 * (y * (x * x)) + -0.4804 * (x * x)
"{'n_episodes': 500, 'n_simulations': 20, 't_max': 20, 'c': 1.0, 'gamma': 0.005, 'alpha': 0.5, 'beta': 0.1, 'noise': 0.0, 'n_points': 1000}","['exp((x * sin(exp((y * x)))))', 'sin(exp(cos(x)))', '(y * (x * cos(exp(x))))', 'exp(sin(sin(x)))', 'x', 'cos(y)', '(x * (x * y))', 'y']",0.004554718095198748,-5350.14510760072,0.1141 * exp((x * sin(exp((y * x))))) + -0.3772 * sin(exp(cos(x))) + 0.6891 * exp(sin(sin(x))) + 0.2832 * x + 0.3603 * cos(y) + 0.9169 * (x * (x * y))
"{'n_episodes': 500, 'n_simulations': 20, 't_max': 20, 'c': 1.0, 'gamma': 0.005, 'alpha': 1.0, 'beta': 0.0, 'noise': 0.0, 'n_points': 500}","['exp(x)', '((y * x) * x)', '(x * x)', 'exp((exp(x) * sin(x)))', 'x', '(exp(y) * y)']",0.008187027875908198,-2383.9583475520394,0.9315 * exp(x) + 0.9659 * ((y * x) * x) + -0.4804 * (x * x)
"{'n_episodes': 500, 'n_simulations': 20, 't_max': 20, 'c': 1.0, 'gamma': 0.005, 'alpha': 1.0, 'beta': 0.0, 'noise': 0.0, 'n_points': 1000}","['exp(x)', '(x * (cos(exp(y)) * x))', '((x * y) * (x * sin(y)))', 'y']",0.007788710812243826,-4834.356659609581,0.9461 * exp(x) + -0.9513 * (x * (cos(exp(y)) * x)) + -0.7300 * ((x * y) * (x * sin(y)))
"{'n_episodes': 500, 'n_simulations': 20, 't_max': 20, 'c': 1.0, 'gamma': 0.005, 'alpha': 1.0, 'beta': 0.1, 'noise': 0.0, 'n_points': 500}","['exp(x)', 'y', 'cos(x)', 'exp((cos(x) * y))', '(y * x)', 'exp(exp(x))', '(cos(x) * y)', 'x']",0.005108072253634499,-2601.1789492700204,0.5844 * exp(x) + 1.9642 * y + 0.8238 * cos(x) + -0.3870 * exp((cos(x) * y)) + -1.5243 * (cos(x) * y) + 0.3585 * x
"{'n_episodes': 500, 'n_simulations': 20, 't_max': 20, 'c': 1.0, 'gamma': 0.005, 'alpha': 1.0, 'beta': 0.1, 'noise': 0.0, 'n_points': 1000}","['exp(x)', '((sin(cos(exp(y))) * x) * x)', '(sin(y) * (exp(((x * sin(x)) * exp(x))) * y))']",0.008101644424832759,-4794.964956660186,0.9845 * exp(x) + -1.1255 * ((sin(cos(exp(y))) * x) * x) + -0.1864 * (sin(y) * (exp(((x * sin(x)) * exp(x))) * y))
"{'n_episodes': 500, 'n_simulations': 40, 't_max': 15, 'c': 0.5, 'gamma': 0.001, 'alpha': 0.5, 'beta': 0.0, 'noise': 0.0, 'n_points': 500}","['exp(x)', '(sin(x) * y)', 'cos(exp(x))', '(exp(y) * exp(exp(x)))', 'exp(exp(exp(y)))']",0.08605311551998812,-1220.1806674282573,0.8152 * exp(x)
"{'n_episodes': 500, 'n_simulations': 40, 't_max': 15, 'c': 0.5, 'gamma': 0.001, 'alpha': 0.5, 'beta': 0.0, 'noise': 0.0, 'n_points': 1000}","['exp(x)', '(x * exp(x))', 'exp(exp(exp(y)))', 'exp(exp(cos(cos(exp(y)))))', 'exp(exp(((x * x) * cos(x))))', '((sin(x) * y) * x)', 'y']",0.006458596742190232,-5014.712186239109,1.2596 * exp(x) + -0.2997 * (x * exp(x)) + -0.1130 * exp(exp(((x * x) * cos(x)))) + 1.0688 * ((sin(x) * y) * x)
"{'n_episodes': 500, 'n_simulations': 40, 't_max': 15, 'c': 0.5, 'gamma': 0.001, 'alpha': 0.5, 'beta': 0.1, 'noise': 0.0, 'n_points': 500}","['exp(x)', 'cos(y)']",0.08605311551998812,-1220.1806674282573,0.8152 * exp(x)
"{'n_episodes': 500, 'n_simulations': 40, 't_max': 15, 'c': 0.5, 'gamma': 0.001, 'alpha': 0.5, 'beta': 0.1, 'noise': 0.0, 'n_points': 1000}","['exp(x)', 'y', 'cos(x)', 'x', '(y * cos(x))', '(y * x)', 'exp(exp(y))', 'sin(exp(y))', 'sin(exp(exp(x)))']",0.004838977878825384,-5289.605230942647,0.3415 * exp(x) + 1.9814 * y + 0.4262 * cos(x) + 0.6180 * x + -2.0538 * (y * cos(x)) + 0.2576 * sin(exp(y))
"{'n_episodes': 500, 'n_simulations': 40, 't_max': 15, 'c': 0.5, 'gamma': 0.001, 'alpha': 1.0, 'beta': 0.0, 'noise': 0.0, 'n_points': 500}","['exp((exp(cos(sin(sin((y * x))))) * exp(x)))', '(x * (sin((x * sin(exp(y)))) * x))', 'cos(exp(exp(cos(x))))', 'exp((exp(sin(exp(y))) * exp(x)))', 'exp(((exp(exp(x)) * x) * x))', 'sin(exp(exp(x)))', 'exp(exp(exp(cos(x))))', 'exp(exp(exp(y)))', '((y * (y * exp(x))) * (sin(y) * x))', '((x * y) * exp(x))']",0.9551873348191331,-10.494681615357191,2.4833 * (x * (sin((x * sin(exp(y)))) * x)) + 0.4154 * sin(exp(exp(x)))
"{'n_episodes': 500, 'n_simulations': 40, 't_max': 15, 'c': 0.5, 'gamma': 0.001, 'alpha': 1.0, 'beta': 0.0, 'noise': 0.0, 'n_points': 1000}","['exp(x)', '(exp(exp(sin(y))) * y)', 'exp(cos(sin(cos(cos(y)))))', 'cos(exp(exp(exp(sin(y)))))', 'sin((y * (x * exp(sin(exp(exp(cos(x))))))))', 'exp(cos(sin((sin(y) * exp(exp(x))))))', '(exp(exp(x)) * exp(x))', '(exp(exp(y)) * sin(x))', 'exp(sin(exp(x)))', '(y * exp(exp(cos(cos(cos(exp(sin(y))))))))']",0.0777309192048537,-2533.778904360561,0.7625 * exp(x) + -0.2469 * exp(cos(sin(cos(cos(y))))) + 0.2921 * exp(sin(exp(x)))
"{'n_episodes': 500, 'n_simulations': 40, 't_max': 15, 'c': 0.5, 'gamma': 0.001, 'alpha': 1.0, 'beta': 0.1, 'noise': 0.0, 'n_points': 500}","['exp(x)', 'cos(y)']",0.08605311551998812,-1220.1806674282573,0.8152 * exp(x)
"{'n_episodes': 500, 'n_simulations': 40, 't_max': 15, 'c': 0.5, 'gamma': 0.001, 'alpha': 1.0, 'beta': 0.1, 'noise': 0.0, 'n_points': 1000}","['exp(x)', 'cos(x)']",0.09040106422453158,-2396.5914839790576,0.8220 * exp(x)
"{'n_episodes': 500, 'n_simulations': 40, 't_max': 15, 'c': 0.5, 'gamma': 0.005, 'alpha': 0.5, 'beta': 0.0, 'noise': 0.0, 'n_points': 500}","['exp(x)', '(y * (x * x))', '(x * x)', 'x', 'cos(y)', 'y', 'sin(y)']",0.004871398287369676,-2631.1140897260316,0.6256 * exp(x) + 0.9688 * (y * (x * x)) + -0.3460 * (x * x) + 0.3132 * x + 0.3856 * cos(y)
"{'n_episodes': 500, 'n_simulations': 40, 't_max': 15, 'c': 0.5, 'gamma': 0.005, 'alpha': 0.5, 'beta': 0.0, 'noise': 0.0, 'n_points': 1000}","['exp(x)', '((x * sin(cos(exp(y)))) * x)', '((x * (sin(y) * cos(exp(sin(y))))) * x)']",0.007129234790043697,-4922.828107052982,0.9348 * exp(x) + -0.8584 * ((x * sin(cos(exp(y)))) * x) + 0.9284 * ((x * (sin(y) * cos(exp(sin(y))))) * x)
"{'n_episodes': 500, 'n_simulations': 40, 't_max': 15, 'c': 0.5, 'gamma': 0.005, 'alpha': 0.5, 'beta': 0.1, 'noise': 0.0, 'n_points': 500}","['exp(x)', 'y', '(cos(x) * y)', '(x * x)', 'x', 'cos(y)', 'exp(exp(x))', '(x * y)', 'exp(cos(y))', 'sin(exp(y))']",0.004779568695830225,-2634.414835183314,0.6270 * exp(x) + 2.0166 * y + -2.0033 * (cos(x) * y) + -0.3477 * (x * x) + 0.3115 * x + 0.3845 * cos(y)
"{'n_episodes': 500, 'n_simulations': 40, 't_max': 15, 'c': 0.5, 'gamma': 0.005, 'alpha': 0.5, 'beta': 0.1, 'noise': 0.0, 'n_points': 1000}","['exp(x)', 'sin((sin((x * x)) * cos(exp(y))))', '(((cos(exp(y)) * x) * x) * y)', 'cos(y)', 'x', 'y']",0.005430325162137211,-5181.217487904396,0.7173 * exp(x) + -1.0248 * sin((sin((x * x)) * cos(exp(y)))) + 0.5042 * (((cos(exp(y)) * x) * x) * y) + 0.3089 * cos(y) + 0.2038 * x
"{'n_episodes': 500, 'n_simulations': 40, 't_max': 15, 'c': 0.5, 'gamma': 0.005, 'alpha': 1.0, 'beta': 0.0, 'noise': 0.0, 'n_points': 500}","['exp(x)', '((x * x) * y)', '(x * x)', '(exp(sin(x)) * sin(x))', 'exp(y)', 'exp((cos(exp(x)) * exp(exp(exp(x)))))', '(y * x)', 'cos(exp(x))', '(x * sin(x))']",0.008187027875908196,-2383.9583475520394,0.9315 * exp(x) + 0.9659 * ((x * x) * y) + -0.4804 * (x * x)
"{'n_episodes': 500, 'n_simulations': 40, 't_max': 15, 'c': 0.5, 'gamma': 0.005, 'alpha': 1.0, 'beta': 0.0, 'noise': 0.0, 'n_points': 1000}","['exp(sin((x * exp((y * (cos(y) * x))))))', 'exp(exp((y * x)))', '(exp(cos(exp(sin(y)))) * (x * x))', 'exp(x)', 'x', 'cos(exp(sin(y)))', '(sin(y) * exp(exp(y)))', '(cos(y) * sin(y))', 'exp(exp(exp(exp(y))))', 'exp(exp(exp(cos(y))))']",0.008270866452759274,-4746.661717894139,0.9359 * exp(sin((x * exp((y * (cos(y) * x)))))) + -0.0656 * exp(exp((y * x))) + -0.2779 * (exp(cos(exp(sin(y)))) * (x * x)) + 0.1767 * exp(x) + -0.1175 * x + 0.0554 * cos(exp(sin(y))) + 0.0943 * (cos(y) * sin(y))
"{'n_episodes': 500, 'n_simulations': 40, 't_max': 15, 'c': 0.5, 'gamma': 0.005, 'alpha': 1.0, 'beta': 0.1, 'noise': 0.0, 'n_points': 500}","['exp(x)', 'y', 'cos(y)', 'x', 'exp(((x * x) * y))', 'cos(x)']",0.006479854392510968,-2488.455579088855,-0.2617 * exp(x) + 0.0525 * y + 0.5108 * cos(y) + 1.2886 * x + 0.7957 * exp(((x * x) * y))
"{'n_episodes': 500, 'n_simulations': 40, 't_max': 15, 'c': 0.5, 'gamma': 0.005, 'alpha': 1.0, 'beta': 0.1, 'noise': 0.0, 'n_points': 1000}","['exp(x)', '((x * x) * cos(exp(y)))', '(((x * y) * y) * x)', 'y', 'cos(exp(y))', 'x']",0.00520720317879008,-5223.1736088508405,0.8923 * exp(x) + -0.9869 * ((x * x) * cos(exp(y))) + -0.5678 * (((x * y) * y) * x) + 0.2184 * y + 0.2237 * cos(exp(y))
"{'n_episodes': 500, 'n_simulations': 40, 't_max': 15, 'c': 1.0, 'gamma': 0.001, 'alpha': 0.5, 'beta': 0.0, 'noise': 0.0, 'n_points': 500}","['exp(x)', 'exp(cos(exp(x)))', '(sin(x) * y)', 'exp(sin(exp(cos(y))))', 'sin((x * sin((sin(y) * y))))', 'sin(exp(sin(exp(exp(cos(y))))))', '(cos((exp(exp(y)) * sin(y))) * x)']",0.08605311551998812,-1220.1806674282573,0.8152 * exp(x)
"{'n_episodes': 500, 'n_simulations': 40, 't_max': 15, 'c': 1.0, 'gamma': 0.001, 'alpha': 0.5, 'beta': 0.0, 'noise': 0.0, 'n_points': 1000}","['exp(x)', 'exp(cos(sin(y)))', 'exp(cos(exp(exp(exp(x)))))', '(exp((x * y)) * x)', '(exp(cos(y)) * x)', 'sin(exp((y * exp(x))))', '(x * y)', 'sin(cos(exp(exp(x))))', 'exp(exp(cos(sin(y))))', 'exp(exp(x))']",0.010449246272197633,-4540.50216439808,0.1071 * exp(x) + 0.3417 * exp(cos(sin(y))) + 0.7945 * (exp((x * y)) * x)
"{'n_episodes': 500, 'n_simulations': 40, 't_max': 15, 'c': 1.0, 'gamma': 0.001, 'alpha': 0.5, 'beta': 0.1, 'noise': 0.0, 'n_points': 500}","['exp(x)', 'cos(y)']",0.08605311551998812,-1220.1806674282573,0.8152 * exp(x)
"{'n_episodes': 500, 'n_simulations': 40, 't_max': 15, 'c': 1.0, 'gamma': 0.001, 'alpha': 0.5, 'beta': 0.1, 'noise': 0.0, 'n_points': 1000}","['exp(x)', 'y', 'cos(x)', 'x', '(y * cos(x))', 'exp(exp(x))']",0.00641128121435254,-5015.157374193387,0.4272 * exp(x) + 2.0481 * y + 0.5280 * cos(x) + 0.5243 * x + -2.0647 * (y * cos(x))
"{'n_episodes': 500, 'n_simulations': 40, 't_max': 15, 'c': 1.0, 'gamma': 0.001, 'alpha': 1.0, 'beta': 0.0, 'noise': 0.0, 'n_points': 500}","['(exp(x) * exp(exp(exp(y))))', 'exp((exp(y) * exp(sin(y))))', '(y * exp(x))', '(y * exp(exp(exp(y))))', 'sin((exp(exp(x)) * y))', 'exp(exp(exp(cos(y))))', '(exp((cos(sin(x)) * y)) * exp(exp(exp(y))))', 'exp(exp(exp((exp(x) * y))))', 'sin(sin(y))', 'y']",1.2322508326404393,110.63582925368134,0.3112 * sin(sin(y))
"{'n_episodes': 500, 'n_simulations': 40, 't_max': 15, 'c': 1.0, 'gamma': 0.001, 'alpha': 1.0, 'beta': 0.0, 'noise': 0.0, 'n_points': 1000}","['exp(x)', 'sin(cos(sin(x)))', 'exp(exp(cos(sin(sin(y)))))', 'exp(exp(y))', 'exp((x * sin(exp(x))))', 'exp(exp(exp(sin(y))))', 'cos(y)', '(sin(x) * exp(exp(y)))']",0.0870542234669866,-2413.593075115153,0.8480 * exp(x) + 0.3412 * sin(cos(sin(x))) + 0.0778 * exp(exp(cos(sin(sin(y))))) + -1.4291 * cos(y)
"{'n_episodes': 500, 'n_simulations': 40, 't_max': 15, 'c': 1.0, 'gamma': 0.001, 'alpha': 1.0, 'beta': 0.1, 'noise': 0.0, 'n_points': 500}","['exp(x)', 'cos(y)']",0.08605311551998812,-1220.1806674282573,0.8152 * exp(x)
"{'n_episodes': 500, 'n_simulations': 40, 't_max': 15, 'c': 1.0, 'gamma': 0.001, 'alpha': 1.0, 'beta': 0.1, 'noise': 0.0, 'n_points': 1000}","['exp(x)', 'cos(y)']",0.09040106422453158,-2396.5914839790576,0.8220 * exp(x)
"{'n_episodes': 500, 'n_simulations': 40, 't_max': 15, 'c': 1.0, 'gamma': 0.005, 'alpha': 0.5, 'beta': 0.0, 'noise': 0.0, 'n_points': 500}","['exp(x)', 'y', 'cos(x)', 'exp((y * cos(x)))', 'exp(exp(cos(x)))', '(cos(x) * y)', 'x', 'exp((y * exp(y)))', 'exp((y * x))', 'cos(exp(x))']",0.005108072253634498,-2601.1789492700204,0.5844 * exp(x) + 1.9642 * y + 0.8238 * cos(x) + -0.3870 * exp((y * cos(x))) + -1.5243 * (cos(x) * y) + 0.3585 * x
"{'n_episodes': 500, 'n_simulations': 40, 't_max': 15, 'c': 1.0, 'gamma': 0.005, 'alpha': 0.5, 'beta': 0.0, 'noise': 0.0, 'n_points': 1000}","['exp(x)', '((y * x) * x)', '(x * (x * cos(cos(y))))', '(sin(y) * cos(sin(x)))', 'y', 'exp(sin((cos(sin(exp(exp(y)))) * exp(x))))', 'x', 'cos(x)', 'sin(exp(exp(cos(sin(cos(y))))))', 'sin(exp(exp(y)))']",0.005324086268904143,-5200.975398409505,0.7675 * exp(x) + 0.9419 * ((y * x) * x) + -0.6338 * (x * (x * cos(cos(y)))) + 0.0947 * exp(sin((cos(sin(exp(exp(y)))) * exp(x)))) + 0.0747 * x
"{'n_episodes': 500, 'n_simulations': 40, 't_max': 15, 'c': 1.0, 'gamma': 0.005, 'alpha': 0.5, 'beta': 0.1, 'noise': 0.0, 'n_points': 500}","['exp(x)', '((x * x) * y)', '(x * x)', 'y', 'x', 'cos(y)']",0.004871398287369676,-2631.1140897260316,0.6256 * exp(x) + 0.9688 * ((x * x) * y) + -0.3460 * (x * x) + 0.3132 * x + 0.3856 * cos(y)
"{'n_episodes': 500, 'n_simulations': 40, 't_max': 15, 'c': 1.0, 'gamma': 0.005, 'alpha': 0.5, 'beta': 0.1, 'noise': 0.0, 'n_points': 1000}","['exp(x)', '((x * y) * x)', '(x * x)', 'cos(exp(cos(y)))', 'y']",0.005372037538049816,-5198.916991506285,0.8852 * exp(x) + 0.9466 * ((x * y) * x) + -0.5065 * (x * x) + -0.1218 * cos(exp(cos(y)))
"{'n_episodes': 500, 'n_simulations': 40, 't_max': 15, 'c': 1.0, 'gamma': 0.005, 'alpha': 1.0, 'beta': 0.0, 'noise': 0.0, 'n_points': 500}","['exp(x)', '(x * (x * cos(exp(sin(y)))))', 'y']",0.018571273997049196,-1980.640434229315,0.9078 * exp(x) + -1.0654 * (x * (x * cos(exp(sin(y)))))
"{'n_episodes': 500, 'n_simulations': 40, 't_max': 15, 'c': 1.0, 'gamma': 0.005, 'alpha': 1.0, 'beta': 0.0, 'noise': 0.0, 'n_points': 1000}","['exp(x)', 'y', '(y * cos(x))', '(x * (cos(cos(y)) * x))', 'cos(exp(sin((x * cos((y * sin((x * sin(y)))))))))', '(x * y)', '(sin(y) * x)', '(sin(exp(cos(y))) * y)', '(y * x)', 'cos(exp(exp(y)))']",0.00634806391840041,-5031.974386191551,0.9269 * exp(x) + 2.0349 * y + -2.0474 * (y * cos(x)) + -0.6981 * (x * (cos(cos(y)) * x))
"{'n_episodes': 500, 'n_simulations': 40, 't_max': 15, 'c': 1.0, 'gamma': 0.005, 'alpha': 1.0, 'beta': 0.1, 'noise': 0.0, 'n_points': 500}","['exp(x)', 'y', 'cos(x)', 'x', '(y * cos(x))', 'cos(y)', 'exp(exp(x))', 'exp(cos(y))', 'sin(exp(y))']",0.004620775569648311,-2651.308709289069,0.2828 * exp(x) + 2.0139 * y + 0.3545 * cos(x) + 0.6901 * x + -2.0004 * (y * cos(x)) + 0.3728 * cos(y)
"{'n_episodes': 500, 'n_simulations': 40, 't_max': 15, 'c': 1.0, 'gamma': 0.005, 'alpha': 1.0, 'beta': 0.1, 'noise': 0.0, 'n_points': 1000}","['exp(x)', '(x * (y * x))', '((exp(y) * x) * x)', 'y']",0.0064529376271519985,-5022.496539951513,0.9271 * exp(x) + 1.3770 * (x * (y * x)) + -0.3931 * ((exp(y) * x) * x)
"{'n_episodes': 500, 'n_simulations': 40, 't_max': 20, 'c': 0.5, 'gamma': 0.001, 'alpha': 0.5, 'beta': 0.0, 'noise': 0.0, 'n_points': 500}","['exp(x)', 'cos(sin(x))', '(y * x)', 'exp(exp(y))', 'exp(cos(y))', '(x * y)', 'sin(cos(y))', 'sin(cos(exp(exp(y))))']",0.0839005541476669,-1220.4177060406469,0.8153 * exp(x) + 0.3003 * cos(sin(x)) + -0.3514 * sin(cos(y))
"{'n_episodes': 500, 'n_simulations': 40, 't_max': 20, 'c': 0.5, 'gamma': 0.001, 'alpha': 0.5, 'beta': 0.0, 'noise': 0.0, 'n_points': 1000}","['exp(x)', 'cos((sin(sin(x)) * exp((y * sin(x)))))', 'exp(sin(exp(y)))', '(sin(x) * exp((x * y)))', 'y', 'exp((cos(y) * exp(sin(cos(exp(exp(x)))))))']",0.010502842533879508,-4528.47831982777,0.2621 * exp(x) + 0.2732 * cos((sin(sin(x)) * exp((y * sin(x))))) + 0.1915 * exp(sin(exp(y))) + 0.7223 * (sin(x) * exp((x * y)))
"{'n_episodes': 500, 'n_simulations': 40, 't_max': 20, 'c': 0.5, 'gamma': 0.001, 'alpha': 0.5, 'beta': 0.1, 'noise': 0.0, 'n_points': 500}","['exp(x)', 'cos(y)']",0.08605311551998812,-1220.1806674282573,0.8152 * exp(x)
"{'n_episodes': 500, 'n_simulations': 40, 't_max': 20, 'c': 0.5, 'gamma': 0.001, 'alpha': 0.5, 'beta': 0.1, 'noise': 0.0, 'n_points': 1000}","['exp(x)', 'y', 'cos(x)', 'x', '(y * cos(x))', '(x * y)', 'exp(exp(y))', 'sin(exp(y))', 'exp(exp(exp(x)))']",0.004838977878825384,-5289.605230942647,0.3415 * exp(x) + 1.9814 * y + 0.4262 * cos(x) + 0.6180 * x + -2.0538 * (y * cos(x)) + 0.2576 * sin(exp(y))
"{'n_episodes': 500, 'n_simulations': 40, 't_max': 20, 'c': 0.5, 'gamma': 0.001, 'alpha': 1.0, 'beta': 0.0, 'noise': 0.0, 'n_points': 500}","['(y * sin(exp((exp(cos(x)) * exp(cos(x))))))', 'exp(exp(exp(y)))', 'exp(exp(exp(exp(x))))', 'x', '((cos(x) * exp((exp(cos(y)) * cos(x)))) * x)', '(cos(exp(y)) * x)', 'exp(exp(sin(exp(exp(y)))))', '(cos(cos(y)) * x)', '(cos(exp(y)) * y)', 'cos(exp(exp(cos(x))))']",0.46165865938609124,-367.8209224393718,-0.1099 * (y * sin(exp((exp(cos(x)) * exp(cos(x)))))) + 0.9352 * x + 0.0713 * exp(exp(sin(exp(exp(y)))))
"{'n_episodes': 500, 'n_simulations': 40, 't_max': 20, 'c': 0.5, 'gamma': 0.001, 'alpha': 1.0, 'beta': 0.0, 'noise': 0.0, 'n_points': 1000}","['exp(x)', 'exp(cos(x))', '(sin(((exp(cos(sin(y))) * x) * cos(x))) * y)', 'exp((sin((sin(cos(x)) * y)) * exp(y)))', 'exp(exp(exp(exp(sin((y * y))))))', 'sin(sin(sin(sin(exp(y)))))', 'y', 'exp(((cos(x) * y) * exp((x * exp(exp(sin(sin(x))))))))', '(exp(x) * cos((y * sin(y))))', 'exp(exp(x))']",0.02081566619112503,-3837.510617113748,0.9200 * exp(x) + 0.6278 * exp(cos(x)) + -0.2884 * exp((sin((sin(cos(x)) * y)) * exp(y))) + -2.0457 * sin(sin(sin(sin(exp(y))))) + 1.0802 * y
"{'n_episodes': 500, 'n_simulations': 40, 't_max': 20, 'c': 0.5, 'gamma': 0.001, 'alpha': 1.0, 'beta': 0.1, 'noise': 0.0, 'n_points': 500}","['exp(x)', 'cos(y)']",0.08605311551998812,-1220.1806674282573,0.8152 * exp(x)
"{'n_episodes': 500, 'n_simulations': 40, 't_max': 20, 'c': 0.5, 'gamma': 0.001, 'alpha': 1.0, 'beta': 0.1, 'noise': 0.0, 'n_points': 1000}","['exp(x)', 'cos(y)']",0.09040106422453158,-2396.5914839790576,0.8220 * exp(x)
"{'n_episodes': 500, 'n_simulations': 40, 't_max': 20, 'c': 0.5, 'gamma': 0.005, 'alpha': 0.5, 'beta': 0.0, 'noise': 0.0, 'n_points': 500}","['exp(x)', 'y', 'exp(exp(y))', 'sin(exp(sin((y * cos(cos(x))))))', 'x', '(y * cos(x))', '(x * x)', 'exp(cos(exp((x * cos(x)))))', 'exp(exp(sin((x * x))))', '(sin(y) * x)']",0.005499427679020161,-2570.482584766954,0.0618 * exp(x) + 1.6130 * y + 1.0747 * sin(exp(sin((y * cos(cos(x)))))) + 0.9305 * x + -1.8659 * (y * cos(x))
"{'n_episodes': 500, 'n_simulations': 40, 't_max': 20, 'c': 0.5, 'gamma': 0.005, 'alpha': 0.5, 'beta': 0.0, 'noise': 0.0, 'n_points': 1000}","['exp(x)', '((x * y) * x)', '(x * x)', 'exp(sin(exp(y)))', 'x', 'cos(y)', 'sin(y)']",0.004634521452814365,-5339.68355532593,0.6546 * exp(x) + 0.9500 * ((x * y) * x) + -0.3546 * (x * x) + 0.2706 * x + 0.3506 * cos(y)
"{'n_episodes': 500, 'n_simulations': 40, 't_max': 20, 'c': 0.5, 'gamma': 0.005, 'alpha': 0.5, 'beta': 0.1, 'noise': 0.0, 'n_points': 500}","['exp(x)', '(x * (y * x))', '(x * x)', 'x', 'cos(y)', 'y']",0.004871398287369676,-2631.1140897260316,0.6256 * exp(x) + 0.9688 * (x * (y * x)) + -0.3460 * (x * x) + 0.3132 * x + 0.3856 * cos(y)
"{'n_episodes': 500, 'n_simulations': 40, 't_max': 20, 'c': 0.5, 'gamma': 0.005, 'alpha': 0.5, 'beta': 0.1, 'noise': 0.0, 'n_points': 1000}","['exp(x)', 'y', '(x * (cos(exp(y)) * x))', '(y * ((x * y) * x))', 'cos(exp(y))', 'x']",0.005207203178790078,-5223.1736088508405,0.8923 * exp(x) + 0.2184 * y + -0.9869 * (x * (cos(exp(y)) * x)) + -0.5678 * (y * ((x * y) * x)) + 0.2237 * cos(exp(y))
"{'n_episodes': 500, 'n_simulations': 40, 't_max': 20, 'c': 0.5, 'gamma': 0.005, 'alpha': 1.0, 'beta': 0.0, 'noise': 0.0, 'n_points': 500}","['exp(x)', '(y * (x * x))', '(x * x)', 'exp((y * sin(exp(y))))', 'sin(x)', 'exp(exp(cos((cos((y * sin(sin(x)))) * x))))', 'sin(y)', 'sin(exp(exp(x)))', '(y * x)', '(x * y)']",0.007712690656413701,-2395.1564362162453,1.0499 * exp(x) + 0.9200 * (y * (x * x)) + -0.5722 * (x * x) + -0.0875 * exp((y * sin(exp(y)))) + -0.1628 * sin(x) + 0.0963 * sin(y)
"{'n_episodes': 500, 'n_simulations': 40, 't_max': 20, 'c': 0.5, 'gamma': 0.005, 'alpha': 1.0, 'beta': 0.0, 'noise': 0.0, 'n_points': 1000}","['exp(x)', '((x * x) * cos(exp(y)))', '((y * (x * y)) * x)', 'y']",0.007713373839400603,-4844.076328626735,0.9449 * exp(x) + -0.9554 * ((x * x) * cos(exp(y))) + -0.6439 * ((y * (x * y)) * x)
"{'n_episodes': 500, 'n_simulations': 40, 't_max': 20, 'c': 0.5, 'gamma': 0.005, 'alpha': 1.0, 'beta': 0.1, 'noise': 0.0, 'n_points': 500}","['exp(x)', 'y', 'cos(x)', 'x', '(cos(x) * y)', 'cos(y)', 'exp(exp(y))', '(y * y)']",0.004620775569648311,-2651.308709289069,0.2828 * exp(x) + 2.0139 * y + 0.3545 * cos(x) + 0.6901 * x + -2.0004 * (cos(x) * y) + 0.3728 * cos(y)
"{'n_episodes': 500, 'n_simulations': 40, 't_max': 20, 'c': 0.5, 'gamma': 0.005, 'alpha': 1.0, 'beta': 0.1, 'noise': 0.0, 'n_points': 1000}","['exp(x)', '((sin(x) * x) * cos(exp(sin(y))))', 'sin(exp(exp(cos(cos(sin(sin(y)))))))', 'x', 'cos(cos((cos(y) * x)))', 'y']",0.004393563656108468,-5393.075838037283,-0.3376 * exp(x) + -1.2998 * ((sin(x) * x) * cos(exp(sin(y)))) + -0.0640 * sin(exp(exp(cos(cos(sin(sin(y))))))) + 1.3670 * x + 2.3756 * cos(cos((cos(y) * x)))
"{'n_episodes': 500, 'n_simulations': 40, 't_max': 20, 'c': 1.0, 'gamma': 0.001, 'alpha': 0.5, 'beta': 0.0, 'noise': 0.0, 'n_points': 500}","['exp(x)', '(sin(x) * y)', 'exp(exp(y))', 'exp(exp(cos(exp((x * x)))))', 'sin(exp(x))', 'exp(exp(cos((sin(x) * y))))', '(y * sin(x))', 'exp(cos(y))', 'exp(exp(exp(sin(x))))', 'exp(exp(exp(x)))']",0.07633614221726873,-1267.6605592881745,0.7098 * exp(x) + 0.5307 * sin(exp(x)) + -0.1130 * exp(cos(y))
"{'n_episodes': 500, 'n_simulations': 40, 't_max': 20, 'c': 1.0, 'gamma': 0.001, 'alpha': 0.5, 'beta': 0.0, 'noise': 0.0, 'n_points': 1000}","['exp(x)', 'cos((x * sin(cos(x))))', 'exp(exp(cos(y)))', '(x * exp(sin((x * y))))', 'exp(y)']",0.010359653224634236,-4549.113249399724,0.0902 * exp(x) + 0.9066 * cos((x * sin(cos(x)))) + 0.8339 * (x * exp(sin((x * y))))
"{'n_episodes': 500, 'n_simulations': 40, 't_max': 20, 'c': 1.0, 'gamma': 0.001, 'alpha': 0.5, 'beta': 0.1, 'noise': 0.0, 'n_points': 500}","['exp(x)', 'cos(y)']",0.08605311551998812,-1220.1806674282573,0.8152 * exp(x)
"{'n_episodes': 500, 'n_simulations': 40, 't_max': 20, 'c': 1.0, 'gamma': 0.001, 'alpha': 0.5, 'beta': 0.1, 'noise': 0.0, 'n_points': 1000}","['exp(x)', 'y', 'cos(x)', 'x', '(cos(x) * y)', '(y * x)', 'exp(exp(y))', 'exp(exp(x))']",0.00641128121435254,-5015.157374193387,0.4272 * exp(x) + 2.0481 * y + 0.5280 * cos(x) + 0.5243 * x + -2.0647 * (cos(x) * y)
"{'n_episodes': 500, 'n_simulations': 40, 't_max': 20, 'c': 1.0, 'gamma': 0.001, 'alpha': 1.0, 'beta': 0.0, 'noise': 0.0, 'n_points': 500}","['exp(exp((x * exp(y))))', 'sin(sin(exp(exp(exp(cos(y))))))', 'exp(exp(exp(y)))', 'sin(sin(exp(exp(x))))', '(exp(exp((x * x))) * y)', 'exp(x)', 'exp(cos(y))', 'exp(exp(y))', 'sin(cos(cos(sin((y * exp(cos((x * (sin(x) * y)))))))))', 'sin(exp(exp(sin(cos(y)))))']",0.024714883704375197,-1819.1017783586913,-0.1466 * sin(sin(exp(exp(x)))) + 0.0726 * (exp(exp((x * x))) * y) + 0.7731 * exp(x) + 0.1138 * exp(cos(y)) + -0.2731 * sin(cos(cos(sin((y * exp(cos((x * (sin(x) * y)))))))))
"{'n_episodes': 500, 'n_simulations': 40, 't_max': 20, 'c': 1.0, 'gamma': 0.001, 'alpha': 1.0, 'beta': 0.0, 'noise': 0.0, 'n_points': 1000}","['exp(x)', 'cos(y)', 'cos(((exp(cos(x)) * sin(y)) * exp(sin(x))))', 'cos((exp(exp(x)) * x))']",0.09040106422453158,-2396.5914839790576,0.8220 * exp(x)
"{'n_episodes': 500, 'n_simulations': 40, 't_max': 20, 'c': 1.0, 'gamma': 0.001, 'alpha': 1.0, 'beta': 0.1, 'noise': 0.0, 'n_points': 500}","['exp(x)', 'cos(y)']",0.08605311551998812,-1220.1806674282573,0.8152 * exp(x)
"{'n_episodes': 500, 'n_simulations': 40, 't_max': 20, 'c': 1.0, 'gamma': 0.001, 'alpha': 1.0, 'beta': 0.1, 'noise': 0.0, 'n_points': 1000}","['exp(x)', 'cos(y)']",0.09040106422453158,-2396.5914839790576,0.8220 * exp(x)
"{'n_episodes': 500, 'n_simulations': 40, 't_max': 20, 'c': 1.0, 'gamma': 0.005, 'alpha': 0.5, 'beta': 0.0, 'noise': 0.0, 'n_points': 500}","['exp(x)', '(x * (y * x))', '(x * x)', 'x', 'cos(y)', 'exp(y)', '(y * x)', 'sin(sin(exp(((exp((exp((y * x)) * y)) * y) * x))))', '(y * (x * y))', 'exp(exp(exp(exp(y))))']",0.004871398287369676,-2631.1140897260316,0.6256 * exp(x) + 0.9688 * (x * (y * x)) + -0.3460 * (x * x) + 0.3132 * x + 0.3856 * cos(y)
"{'n_episodes': 500, 'n_simulations': 40, 't_max': 20, 'c': 1.0, 'gamma': 0.005, 'alpha': 0.5, 'beta': 0.0, 'noise': 0.0, 'n_points': 1000}","['exp(x)', 'y', '(exp(cos((cos((x * exp(y))) * x))) * y)', 'x', 'cos(x)', '(y * cos(x))', 'cos(y)', 'sin(exp(y))', 'cos((cos(x) * exp((y * sin((sin(x) * sin(cos(sin(y)))))))))', '((x * y) * exp(x))']",0.004259860797506951,-5410.164508923437,0.2738 * exp(x) + 1.8880 * y + 0.0978 * (exp(cos((cos((x * exp(y))) * x))) * y) + 0.6911 * x + 0.3714 * cos(x) + -2.1576 * (y * cos(x)) + 0.3636 * cos(y)
"{'n_episodes': 500, 'n_simulations': 40, 't_max': 20, 'c': 1.0, 'gamma': 0.005, 'alpha': 0.5, 'beta': 0.1, 'noise': 0.0, 'n_points': 500}","['exp(x)', 'y', '(exp(cos(exp(y))) * (x * x))', '(cos(x) * y)', 'x', 'cos(y)', 'cos(x)']",0.004797354646212943,-2632.5576655897125,0.5946 * exp(x) + 1.4827 * y + -0.2062 * (exp(cos(exp(y))) * (x * x)) + -1.4681 * (cos(x) * y) + 0.3465 * x + 0.4226 * cos(y)
"{'n_episodes': 500, 'n_simulations': 40, 't_max': 20, 'c': 1.0, 'gamma': 0.005, 'alpha': 0.5, 'beta': 0.1, 'noise': 0.0, 'n_points': 1000}","['exp(x)', '((y * sin(x)) * x)', '(x * (exp(y) * x))', 'y']",0.006420074908968447,-5027.602227447771,0.9280 * exp(x) + 1.5569 * ((y * sin(x)) * x) + -0.3954 * (x * (exp(y) * x))
"{'n_episodes': 500, 'n_simulations': 40, 't_max': 20, 'c': 1.0, 'gamma': 0.005, 'alpha': 1.0, 'beta': 0.0, 'noise': 0.0, 'n_points': 500}","['exp(x)', '((x * x) * y)', '(x * x)', '(cos(cos(sin(x))) * sin(y))', 'x']",0.008187027875908196,-2383.9583475520394,0.9315 * exp(x) + 0.9659 * ((x * x) * y) + -0.4804 * (x * x)
"{'n_episodes': 500, 'n_simulations': 40, 't_max': 20, 'c': 1.0, 'gamma': 0.005, 'alpha': 1.0, 'beta': 0.0, 'noise': 0.0, 'n_points': 1000}","['exp(x)', '((x * x) * y)', '(x * (exp(y) * x))', 'y']",0.0064529376271519985,-5022.496539951513,0.9271 * exp(x) + 1.3770 * ((x * x) * y) + -0.3931 * (x * (exp(y) * x))
"{'n_episodes': 500, 'n_simulations': 40, 't_max': 20, 'c': 1.0, 'gamma': 0.005, 'alpha': 1.0, 'beta': 0.1, 'noise': 0.0, 'n_points': 500}","['exp(x)', '(x * (x * y))', '(x * x)', 'y', 'x']",0.008187027875908198,-2383.9583475520394,0.9315 * exp(x) + 0.9659 * (x * (x * y)) + -0.4804 * (x * x)
"{'n_episodes': 500, 'n_simulations': 40, 't_max': 20, 'c': 1.0, 'gamma': 0.005, 'alpha': 1.0, 'beta': 0.1, 'noise': 0.0, 'n_points': 1000}","['exp(x)', 'y', '((x * exp(cos(exp(sin(y))))) * (y * x))', '(x * x)']",0.008757881261463017,-4717.078002580771,0.9239 * exp(x) + 0.5776 * ((x * exp(cos(exp(sin(y))))) * (y * x)) + -0.2244 * (x * x)
